Age,Annual_Income,Credit_Score,Years_at_Job,Existing_Loans,DTI_Ratio
56,40144,842,8,0,0.19
69,71380,536,9,4,0.33
46,96316,365,16,0,0.12
32,11001,369,11,1,0.5
60,56725,746,5,1,0.54
25,57849,715,18,1,0.44
38,48725,831,28,3,0.23
56,69622,740,5,4,0.16
36,83179,763,24,0,0.29
40,64281,695,23,0,0.52
28,49666,694,24,1,0.27
28,82150,625,15,4,0.12
41,61360,390,15,4,0.24
70,53351,369,5,2,0.59
53,31065,465,36,4,0.44
57,27410,513,20,4,0.55
41,30772,634,3,0,0.49
20,68814,668,33,4,0.37
39,57552,348,27,4,0.17
70,28562,351,37,0,0.27
19,82698,588,27,4,0.39
41,119032,538,16,0,0.54
61,44389,432,13,2,0.23
47,25072,465,6,3,0.16
55,42000,673,21,0,0.38
19,91787,672,0,0,0.19
38,78768,777,28,4,0.41
50,37751,778,30,0,0.23
29,128102,599,29,1,0.22
39,117493,381,14,1,0.3
61,41502,386,17,2,0.4
42,41289,524,34,0,0.37
66,44515,315,29,4,0.22
44,46459,657,33,4,0.55
59,96304,462,10,3,0.15
45,74062,813,26,2,0.12
33,92831,649,23,4,0.4
32,83849,763,34,3,0.16
64,141105,674,38,4,0.35
68,35253,391,7,3,0.58
61,72415,480,17,1,0.45
72,20192,600,12,1,0.41
69,30993,488,23,4,0.39
74,57674,613,22,2,0.19
20,73799,792,11,0,0.32
54,56902,427,29,2,0.27
68,45089,818,30,2,0.58
24,49280,725,27,0,0.22
38,118743,486,21,1,0.34
26,49413,849,27,1,0.57
56,143576,752,12,0,0.49
35,89054,770,24,3,0.58
21,75264,523,6,2,0.4
42,32964,453,5,4,0.27
31,95570,650,23,1,0.51
67,46775,446,18,4,0.25
26,32951,648,18,0,0.18
43,77375,481,35,4,0.45
70,29912,478,8,4,0.42
19,40899,338,35,2,0.54
37,59572,302,37,0,0.58
45,181536,363,39,4,0.53
64,42469,328,28,1,0.13
24,47614,671,23,0,0.43
61,86350,822,4,1,0.49
25,32236,396,25,3,0.59
64,74712,741,13,4,0.29
52,109421,502,38,0,0.18
31,51351,710,28,1,0.53
34,100015,320,5,4,0.26
53,69267,401,6,2,0.4
67,41550,345,36,1,0.29
57,54235,365,17,1,0.3
21,49519,463,22,3,0.47
19,57307,410,37,2,0.28
23,64625,637,0,3,0.45
71,80346,422,3,2,0.11
59,77213,746,34,1,0.26
21,17750,590,22,3,0.26
71,57030,711,26,4,0.47
46,28149,580,25,2,0.26
35,52163,342,7,1,0.42
43,56280,785,15,0,0.44
61,97545,350,2,2,0.43
51,58979,509,31,2,0.4
27,68159,425,4,4,0.31
53,89012,791,19,2,0.29
31,110622,808,13,2,0.38
48,56302,557,31,4,0.13
65,62761,487,25,4,0.54
32,60174,529,5,3,0.51
25,45647,488,35,1,0.27
31,40759,714,39,1,0.38
40,19226,309,4,3,0.57
74,34949,413,12,1,0.24
57,24604,375,31,2,0.47
38,112150,801,15,3,0.14
33,65789,384,0,3,0.36
62,56220,348,12,1,0.54
35,41825,794,10,0,0.38
64,60772,686,7,1,0.41
70,39183,688,24,0,0.55
41,65317,517,39,3,0.46
43,67701,645,31,0,0.45
42,38921,529,23,2,0.39
62,38552,554,27,4,0.42
58,96867,535,13,0,0.5
46,58312,325,2,4,0.59
32,40517,560,35,2,0.5
62,49749,570,26,4,0.45
18,36123,422,19,2,0.17
42,57896,556,14,4,0.51
24,90745,720,26,4,0.47
26,59051,558,27,1,0.49
41,195207,346,24,0,0.22
18,73915,824,32,4,0.55
61,67169,507,13,3,0.15
25,38019,610,7,1,0.23
41,53142,448,13,0,0.43
28,40558,737,0,1,0.44
68,20275,454,15,0,0.26
34,97453,389,17,2,0.45
25,46363,657,6,4,0.29
52,40937,473,14,3,0.1
52,66521,516,23,1,0.18
50,77361,755,12,1,0.54
22,51001,498,8,1,0.21
59,59796,785,14,1,0.16
56,86950,832,34,4,0.44
58,50006,499,23,0,0.32
45,69645,670,32,4,0.5
24,26117,747,15,2,0.53
26,32187,547,7,4,0.52
25,81045,563,28,4,0.26
29,31357,357,22,2,0.35
51,67310,601,30,4,0.43
50,55631,330,39,0,0.26
65,49899,797,13,3,0.12
72,39567,548,29,2,0.35
40,94340,570,38,1,0.11
41,142193,693,26,0,0.58
54,69570,801,15,3,0.5
52,70350,383,5,0,0.2
61,42567,664,32,0,0.24
57,32923,848,17,1,0.59
39,58696,641,15,3,0.29
44,36795,706,11,0,0.49
52,24678,724,19,1,0.32
18,89475,392,39,2,0.53
52,91682,711,28,1,0.45
54,38971,731,29,4,0.11
64,67641,458,25,1,0.25
31,98812,313,21,1,0.38
20,66337,672,32,1,0.56
18,32972,524,38,0,0.15
22,53292,804,28,3,0.4
43,116239,372,21,1,0.25
72,67745,548,12,1,0.54
31,78398,810,8,4,0.48
56,71026,515,23,4,0.28
44,39036,840,14,2,0.18
26,43895,519,35,2,0.11
32,70928,520,12,4,0.41
32,90078,688,26,3,0.3
43,103772,341,36,2,0.26
59,38985,582,6,3,0.59
30,74351,357,7,4,0.33
68,108393,836,36,2,0.47
49,36550,372,13,1,0.19
56,125916,428,11,4,0.11
66,135872,725,35,2,0.31
69,222469,424,39,3,0.43
49,67202,366,16,3,0.35
21,67387,305,39,2,0.55
47,90535,613,28,3,0.32
54,89223,625,26,2,0.26
40,105154,805,0,2,0.56
56,88611,381,33,3,0.3
62,56781,301,3,0,0.23
32,110304,503,23,1,0.15
60,35044,703,20,4,0.5
46,60049,402,32,1,0.51
53,130857,835,6,4,0.12
30,32044,667,0,4,0.28
49,42670,511,2,1,0.47
24,83773,508,14,2,0.57
68,72908,416,30,3,0.29
39,38657,777,15,0,0.54
45,48625,404,9,0,0.3
19,33176,794,28,0,0.19
59,97757,345,5,1,0.1
62,52683,630,28,1,0.27
74,146690,515,16,2,0.29
70,62351,791,21,0,0.57
23,53644,748,23,2,0.2
45,51102,835,16,0,0.29
45,52992,810,20,1,0.11
61,63285,757,10,3,0.48
61,210281,846,6,3,0.56
37,50542,835,38,3,0.22
47,51370,839,4,3,0.31
28,61870,783,20,4,0.16
72,103273,315,17,0,0.33
45,29422,542,34,3,0.17
42,75172,506,19,4,0.36
56,39786,570,14,4,0.47
50,78955,414,4,4,0.38
18,46775,598,12,2,0.22
74,18919,782,11,2,0.28
44,72026,696,20,4,0.42
74,71723,693,36,3,0.39
69,44822,374,5,0,0.17
30,43513,781,6,1,0.52
58,31079,402,25,2,0.34
20,88128,596,7,3,0.18
56,93070,477,8,3,0.16
23,38579,514,26,1,0.58
25,45708,614,3,1,0.24
44,58009,338,20,3,0.55
26,186359,558,30,1,0.31
54,78634,306,20,3,0.29
50,37357,348,39,1,0.45
68,69695,837,24,1,0.1
59,30081,460,38,3,0.27
61,85733,475,14,4,0.25
41,138382,301,34,3,0.53
32,138676,754,36,0,0.36
71,86460,575,27,1,0.28
49,44725,797,13,2,0.23
49,31242,327,3,1,0.4
41,29729,632,19,0,0.18
58,14718,300,33,2,0.22
69,84704,487,11,2,0.25
66,56873,355,32,3,0.4
66,94335,846,23,4,0.29
69,122273,411,19,3,0.35
29,62940,609,4,2,0.43
56,64407,335,37,2,0.58
19,47469,738,29,4,0.48
20,50360,624,23,1,0.3
66,86183,606,39,4,0.47
54,54874,833,6,3,0.57
66,51046,408,35,1,0.35
73,59328,671,37,3,0.31
34,93261,656,15,4,0.14
66,42347,480,14,1,0.55
19,57915,655,22,4,0.22
19,67686,367,11,0,0.13
45,106949,591,28,2,0.37
71,53122,480,14,1,0.52
40,41818,765,28,2,0.3
54,46996,733,20,0,0.49
49,101369,763,14,1,0.52
50,165487,833,13,2,0.33
18,31042,365,15,2,0.4
36,34625,320,14,1,0.37
19,55028,683,3,2,0.57
70,63289,338,26,2,0.46
61,88741,584,22,1,0.56
43,38347,635,28,2,0.21
49,35187,487,8,2,0.26
23,64154,542,6,3,0.14
49,52617,372,3,3,0.35
72,95164,778,4,0,0.54
21,76395,400,4,3,0.26
72,79038,813,10,3,0.16
28,56826,475,27,0,0.13
73,194422,537,15,2,0.32
34,39384,358,29,2,0.18
55,81259,398,3,3,0.27
41,31734,794,1,0,0.51
22,35005,813,2,2,0.29
69,44193,596,20,4,0.4
51,135220,510,5,1,0.35
23,68319,422,17,1,0.46
39,44567,528,4,1,0.18
28,72201,687,8,3,0.56
65,60935,439,19,1,0.42
33,46817,840,27,1,0.24
50,29782,690,25,4,0.16
26,122917,569,17,2,0.17
23,66496,311,18,4,0.49
33,177525,688,2,3,0.39
46,95813,636,8,1,0.29
20,78878,805,35,2,0.27
37,48165,405,30,1,0.53
53,34624,331,16,1,0.54
36,53698,373,22,3,0.39
43,34127,470,33,1,0.36
20,82875,368,4,0,0.51
36,135445,661,14,2,0.47
37,52551,732,2,2,0.3
49,96013,399,18,0,0.14
24,42420,308,27,3,0.48
69,51470,328,2,1,0.18
58,39835,413,37,1,0.11
50,20607,761,3,2,0.52
57,58790,442,23,3,0.39
56,63845,689,30,3,0.55
35,102020,456,10,3,0.34
57,89118,634,36,1,0.56
18,89722,559,0,3,0.28
28,36790,381,8,0,0.46
45,75338,740,16,4,0.25
74,132097,471,0,3,0.1
42,72397,530,2,4,0.29
67,149387,374,25,1,0.47
40,164305,569,30,3,0.18
48,52353,361,25,2,0.35
47,42257,619,22,1,0.21
59,40915,401,29,0,0.14
52,28055,728,9,0,0.41
24,46202,554,7,4,0.58
33,109516,831,24,4,0.26
43,19890,411,21,2,0.39
65,35641,612,14,2,0.58
74,56186,760,9,0,0.43
69,38615,761,19,3,0.44
66,45998,391,22,0,0.19
19,46343,351,0,0,0.35
18,52639,819,1,2,0.28
65,41575,397,18,4,0.34
29,39910,535,13,2,0.5
22,95526,673,7,2,0.33
54,101197,533,37,2,0.13
49,30023,331,11,0,0.55
72,15066,588,25,3,0.37
26,101893,841,26,0,0.56
58,32389,413,28,1,0.39
52,66594,503,14,2,0.13
36,27368,328,0,2,0.38
65,114562,773,27,1,0.39
33,213594,552,2,2,0.21
20,65604,685,17,2,0.34
37,57122,361,33,2,0.33
41,50966,814,31,1,0.41
71,88512,729,28,0,0.23
73,79526,836,24,2,0.39
50,98888,440,25,3,0.22
41,43741,599,38,1,0.32
69,70973,610,7,4,0.16
28,45650,770,18,1,0.12
66,35282,692,21,0,0.26
25,58658,744,28,1,0.24
53,37750,471,32,4,0.3
55,107674,330,37,3,0.58
57,38911,346,34,4,0.36
37,71809,429,2,1,0.38
52,44280,651,18,4,0.57
65,68770,357,9,1,0.56
42,46073,405,26,3,0.54
52,31932,629,14,3,0.15
42,76258,682,10,0,0.42
46,53225,461,25,3,0.5
35,69078,585,23,2,0.52
63,48318,370,12,4,0.39
35,30823,753,31,4,0.11
19,102907,696,36,1,0.59
71,86541,814,3,3,0.34
52,45094,325,12,0,0.3
33,61999,612,8,0,0.3
58,100811,425,33,0,0.31
53,47642,707,36,2,0.22
50,51485,497,6,3,0.26
21,67630,487,0,0,0.59
50,47593,783,11,2,0.28
31,91908,749,20,4,0.36
38,55025,822,10,1,0.52
65,40456,653,13,3,0.36
37,81171,399,33,3,0.26
73,33824,577,33,4,0.36
25,163970,790,24,3,0.16
24,132091,554,3,3,0.17
20,77400,680,25,3,0.45
34,74210,841,15,3,0.56
50,72491,563,9,2,0.46
65,46884,628,1,2,0.14
29,69470,414,34,1,0.3
68,37738,575,18,3,0.1
39,77026,787,5,4,0.36
72,92403,580,18,0,0.2
39,49560,574,7,1,0.53
63,44464,627,13,0,0.15
47,32655,510,9,0,0.1
55,124116,325,2,3,0.33
55,46266,326,37,4,0.18
62,54210,382,28,0,0.47
68,69569,712,14,0,0.56
71,68947,466,22,1,0.12
25,86966,468,22,4,0.3
44,49530,528,17,4,0.6
44,33882,666,18,0,0.47
51,31044,827,27,4,0.58
38,44818,837,25,1,0.18
47,37200,823,9,1,0.21
50,51441,371,3,1,0.18
45,115126,405,1,3,0.25
64,49580,581,2,0,0.46
50,49571,432,6,4,0.18
22,59385,833,15,1,0.36
65,48883,568,30,0,0.23
36,57890,711,9,0,0.51
21,78467,317,18,3,0.1
52,93188,416,27,4,0.21
66,98874,443,16,4,0.4
34,167447,721,27,1,0.15
61,79592,668,18,1,0.33
45,182999,349,36,0,0.32
47,40609,405,22,4,0.53
46,170355,515,19,4,0.41
63,49504,724,12,1,0.42
70,51999,371,12,2,0.58
23,56390,745,10,0,0.59
52,53674,485,14,4,0.43
58,62499,369,16,3,0.36
54,44801,449,27,3,0.4
41,90669,545,18,2,0.29
46,45414,837,3,1,0.59
66,83100,398,21,1,0.45
63,128522,577,21,1,0.25
70,50083,754,36,3,0.13
48,89071,403,38,1,0.12
52,79187,532,33,3,0.2
50,184691,693,32,2,0.22
69,46517,800,39,0,0.31
38,89101,550,32,4,0.21
49,26555,820,11,2,0.42
40,46726,378,1,3,0.21
50,71445,351,27,2,0.19
20,120160,525,9,4,0.34
35,32436,350,21,0,0.54
42,88702,485,16,4,0.33
59,58011,333,25,3,0.31
48,27979,430,2,4,0.39
71,65564,742,6,2,0.23
20,140727,731,7,1,0.28
57,34193,796,19,2,0.21
63,56671,702,11,3,0.39
41,36558,622,34,0,0.45
67,47368,509,16,4,0.44
49,122526,628,27,0,0.23
64,52273,671,9,3,0.49
39,120666,759,21,4,0.23
40,104247,432,37,2,0.18
19,49942,420,32,2,0.27
44,46569,751,21,3,0.4
59,38253,428,36,4,0.17
19,37592,390,12,2,0.42
43,71439,328,26,3,0.53
34,59284,823,14,3,0.25
57,43835,632,21,0,0.33
50,27601,596,29,2,0.21
26,63138,429,39,4,0.28
60,47345,592,36,2,0.11
71,54303,472,33,2,0.58
65,69726,323,33,2,0.31
56,17138,398,34,3,0.49
46,27815,705,18,1,0.17
59,188758,655,7,1,0.51
72,46476,438,38,0,0.53
43,17005,802,32,2,0.46
52,28999,473,27,1,0.55
67,207364,328,36,0,0.18
42,42129,795,24,3,0.34
41,106884,650,35,2,0.41
30,63612,598,16,4,0.4
24,46981,491,23,3,0.53
74,88231,363,20,0,0.21
53,18175,514,1,3,0.19
62,29127,465,30,4,0.23
37,46808,842,32,3,0.55
18,30593,531,29,0,0.57
25,44784,840,11,4,0.38
63,91753,494,11,4,0.35
33,63963,805,23,3,0.4
31,116460,633,23,4,0.41
29,66018,603,10,3,0.19
68,98344,736,12,2,0.44
40,57986,622,26,4,0.33
32,44572,801,7,3,0.36
45,125527,692,9,2,0.12
51,41995,448,7,4,0.48
19,71105,704,19,2,0.52
49,87943,582,7,4,0.41
40,91194,661,8,0,0.47
39,33432,678,6,0,0.36
68,101313,497,13,3,0.41
42,36699,655,27,1,0.3
39,89801,839,1,0,0.5
39,78243,728,7,1,0.33
66,90157,316,12,2,0.44
69,32777,678,20,2,0.41
59,80335,805,27,1,0.45
23,103032,375,34,3,0.49
32,65953,530,22,4,0.36
71,39762,547,14,1,0.51
60,94833,601,1,1,0.35
54,63383,514,11,1,0.58
50,25920,457,35,1,0.48
25,38250,368,2,1,0.19
70,46020,692,4,3,0.51
61,127122,384,2,0,0.38
61,116435,566,18,4,0.59
22,116248,368,1,0,0.46
56,67250,646,36,1,0.14
21,94541,722,16,0,0.3
23,33847,473,13,3,0.36
62,60078,414,27,2,0.52
49,75042,519,26,0,0.46
69,34980,330,9,4,0.28
47,66499,822,2,3,0.43
64,139151,642,35,2,0.39
52,79172,676,37,3,0.16
72,94728,429,24,1,0.22
57,17567,838,21,2,0.27
69,130481,301,38,4,0.2
33,54553,400,29,2,0.18
30,40768,832,20,4,0.13
67,54867,357,29,1,0.54
59,28495,688,27,4,0.24
47,101110,640,30,3,0.25
36,50630,319,25,0,0.2
34,41385,554,21,3,0.34
73,55048,616,20,3,0.36
36,104716,337,0,2,0.2
45,63941,836,36,1,0.4
72,29588,685,12,0,0.46
43,75545,325,20,4,0.29
54,37628,753,8,2,0.39
43,20372,622,16,1,0.35
70,126500,812,20,0,0.2
40,75253,312,30,3,0.47
26,57576,670,38,1,0.5
29,50372,590,21,1,0.42
70,120395,631,11,1,0.26
18,280289,560,5,3,0.56
18,74936,504,15,4,0.33
64,35781,686,25,2,0.23
51,55423,767,4,4,0.3
49,74256,714,8,0,0.45
71,18494,368,39,2,0.52
65,70774,771,13,0,0.28
42,74474,403,29,3,0.22
57,116211,460,25,4,0.41
62,110311,499,28,1,0.56
70,63296,515,18,2,0.19
18,127684,511,7,1,0.5
33,165684,807,22,0,0.34
56,60716,315,34,1,0.5
22,73798,797,30,1,0.35
39,24744,631,34,3,0.29
46,28984,555,31,3,0.45
72,39375,471,4,4,0.55
20,47963,797,15,0,0.26
29,34611,770,16,3,0.33
43,58806,683,31,3,0.21
33,48685,806,37,4,0.19
68,102277,826,31,2,0.49
54,47221,624,19,4,0.2
39,19084,513,1,1,0.5
74,63759,507,19,1,0.31
46,59450,468,17,3,0.6
31,38908,629,0,3,0.2
45,62786,579,28,4,0.15
22,34974,604,28,4,0.14
64,70609,445,18,0,0.52
66,223342,815,39,1,0.32
47,24274,389,5,4,0.1
63,46252,752,38,2,0.54
69,42691,359,7,0,0.54
22,48212,610,23,4,0.5
29,99704,827,19,3,0.22
33,78543,526,13,4,0.29
43,91526,773,4,3,0.47
43,60794,840,39,3,0.34
65,30913,378,33,1,0.18
38,34291,732,15,1,0.22
56,86953,452,6,4,0.59
53,65213,700,15,4,0.18
50,112431,578,6,2,0.46
47,69329,356,26,0,0.34
54,33139,485,13,0,0.47
40,46122,697,13,4,0.43
27,79412,457,32,1,0.32
71,85405,658,32,2,0.28
22,91817,739,19,0,0.48
53,35445,765,35,4,0.26
51,32842,745,6,1,0.49
69,54453,787,31,1,0.44
48,123011,829,2,1,0.39
27,42322,372,38,3,0.28
36,75168,316,28,1,0.2
49,75171,830,23,4,0.46
18,87586,625,21,2,0.15
73,137615,845,5,4,0.59
22,130738,501,23,1,0.59
62,44475,643,39,2,0.17
21,20974,822,22,0,0.15
33,42647,699,37,0,0.31
41,62182,517,9,4,0.58
33,49969,744,15,2,0.3
72,160163,521,10,4,0.28
19,60439,682,31,2,0.45
66,83021,306,5,2,0.19
45,66743,571,23,4,0.28
49,50346,315,32,2,0.25
44,22870,723,11,1,0.4
37,57566,823,26,2,0.18
41,304773,320,37,2,0.37
29,32137,527,17,4,0.53
67,24162,587,38,0,0.36
52,157659,433,12,3,0.44
50,86772,582,39,2,0.14
50,65756,703,29,3,0.32
68,118342,365,12,2,0.15
60,39507,736,33,4,0.4
54,56766,558,35,4,0.24
29,96526,402,29,2,0.24
20,171987,400,24,4,0.14
18,33380,497,1,4,0.26
50,113591,525,35,2,0.35
57,72469,762,17,0,0.39
27,64960,536,4,2,0.13
60,59643,325,18,0,0.43
61,29961,420,17,4,0.34
46,96910,805,31,0,0.37
30,40492,481,20,4,0.52
29,34896,842,9,0,0.27
48,93221,614,36,0,0.19
63,88837,572,21,2,0.38
19,62286,531,12,0,0.57
68,102720,719,16,4,0.36
67,122145,741,8,2,0.52
52,115163,795,23,0,0.48
40,45975,323,13,2,0.36
34,99414,408,7,3,0.42
43,66557,801,36,2,0.3
25,141910,324,18,3,0.37
46,56282,486,27,3,0.35
43,50099,587,29,2,0.45
27,44050,637,6,4,0.3
43,65817,336,25,4,0.15
51,75611,436,39,4,0.49
68,76342,807,10,1,0.44
58,71295,526,13,3,0.58
24,83743,619,20,2,0.31
21,53569,481,7,4,0.14
70,38705,385,2,4,0.16
67,37052,766,27,2,0.49
62,97491,352,28,3,0.13
28,75747,534,22,2,0.55
46,23672,732,17,1,0.24
73,103608,795,34,1,0.55
53,153310,399,12,2,0.49
42,41858,702,11,3,0.54
38,70832,695,4,4,0.21
74,47252,826,38,1,0.4
53,81973,714,10,1,0.15
27,33422,762,10,3,0.2
54,57773,840,30,1,0.25
26,97797,663,30,1,0.47
41,111063,429,12,3,0.11
52,74105,383,13,2,0.55
66,50537,570,24,4,0.14
52,27002,543,32,4,0.29
65,40995,687,32,1,0.14
53,47351,513,14,4,0.48
35,42240,465,15,2,0.17
66,61683,358,37,1,0.54
56,50466,803,5,4,0.37
49,65255,422,24,0,0.57
41,109241,712,14,0,0.25
40,48862,438,3,0,0.33
49,29988,528,3,0,0.45
54,42156,573,29,0,0.52
29,80161,738,33,1,0.31
66,84033,417,26,3,0.55
72,73353,782,30,3,0.16
30,114733,694,31,1,0.45
40,54547,759,38,1,0.27
42,167055,377,8,2,0.15
52,90137,711,7,3,0.29
58,16953,374,13,0,0.54
47,147315,594,32,1,0.59
34,40802,320,22,0,0.3
66,35701,470,20,3,0.54
37,77799,314,11,4,0.35
65,25107,510,1,4,0.46
42,42288,385,12,1,0.12
39,130424,448,3,2,0.38
30,79071,671,19,0,0.14
36,89870,779,13,1,0.23
66,43111,450,29,2,0.38
53,27745,440,28,0,0.5
29,85255,368,7,3,0.38
58,95332,559,11,4,0.57
36,93199,820,37,2,0.51
29,66471,670,25,0,0.18
26,36918,718,1,1,0.29
24,202578,400,39,0,0.43
45,76106,542,13,1,0.57
31,54888,811,5,4,0.59
48,55010,394,39,4,0.48
69,64524,525,30,0,0.39
36,102211,817,16,0,0.48
64,65828,513,24,1,0.24
33,91973,366,31,1,0.24
70,64582,695,11,2,0.43
22,56603,311,12,2,0.54
52,82505,536,18,2,0.58
29,80954,698,24,0,0.27
42,55005,706,30,2,0.5
69,41167,779,36,0,0.53
38,71030,521,24,4,0.41
53,62266,455,15,3,0.27
70,45368,727,37,4,0.41
40,39292,457,22,0,0.39
33,73514,715,13,0,0.4
74,78829,625,5,3,0.41
56,50010,670,24,1,0.52
62,44803,643,22,1,0.19
70,39532,561,11,1,0.28
59,72484,582,12,2,0.39
56,40055,528,35,1,0.24
31,183609,579,38,2,0.59
48,48769,589,33,2,0.23
22,17807,346,5,1,0.33
52,58977,513,37,1,0.54
40,57727,323,39,3,0.14
46,104386,620,7,3,0.51
60,69152,573,7,2,0.39
28,39461,612,39,3,0.12
35,51885,662,32,2,0.55
64,70524,679,33,0,0.12
29,20285,769,14,2,0.36
26,116927,415,35,2,0.12
27,39514,341,34,3,0.14
61,121603,678,21,0,0.54
34,72855,505,22,4,0.48
55,82026,765,39,4,0.2
24,106373,579,21,4,0.41
63,79743,417,4,0,0.5
30,83821,536,30,1,0.54
57,55148,608,12,0,0.33
59,72119,755,27,3,0.55
26,44633,774,19,2,0.35
67,50427,399,32,2,0.44
44,159906,560,15,3,0.59
19,39970,604,28,3,0.22
22,64676,653,22,2,0.18
46,63369,585,23,1,0.27
54,51257,627,33,1,0.18
55,77435,402,6,1,0.24
36,80407,362,37,3,0.47
25,37687,581,36,2,0.34
65,62986,740,3,2,0.29
62,34850,592,33,2,0.28
18,88811,306,21,0,0.2
39,65397,391,4,0,0.32
69,62390,489,22,4,0.41
34,83242,775,14,0,0.17
24,52169,810,30,1,0.59
42,94561,761,8,1,0.32
62,37263,352,24,1,0.57
21,121289,785,24,1,0.17
53,45458,789,20,4,0.48
23,25640,663,8,1,0.41
48,50804,411,37,3,0.51
36,48002,708,21,3,0.4
61,50612,306,22,3,0.58
71,67226,496,3,0,0.41
56,103665,666,28,2,0.49
44,54401,549,14,4,0.54
27,42369,539,0,3,0.46
43,34088,679,29,3,0.36
36,47377,770,28,1,0.24
56,23297,754,19,3,0.53
20,41665,665,32,1,0.34
62,111527,589,35,1,0.41
30,39668,702,21,2,0.14
67,81990,357,12,0,0.35
45,32427,820,6,1,0.45
37,145153,603,7,1,0.39
45,150061,414,27,2,0.32
25,80459,509,8,1,0.21
58,162044,340,24,4,0.25
56,71531,472,15,0,0.45
18,87926,533,9,4,0.21
20,112529,702,10,3,0.41
30,65503,338,30,0,0.39
45,27551,418,11,3,0.59
74,88830,634,30,1,0.13
66,47290,635,13,2,0.15
42,49081,838,31,4,0.35
73,69490,373,16,3,0.36
50,79470,490,34,1,0.12
55,64541,623,0,4,0.51
70,82278,446,28,4,0.35
23,42048,583,3,3,0.27
61,58609,512,22,1,0.26
62,91541,693,27,2,0.53
49,145276,638,15,3,0.2
62,173375,321,11,4,0.18
64,74346,404,20,4,0.21
38,91126,765,16,0,0.41
33,161262,758,39,1,0.51
71,42812,731,12,0,0.27
38,82030,520,31,2,0.19
28,87919,678,36,3,0.2
54,123491,521,14,4,0.41
53,33908,557,11,1,0.22
52,37432,666,14,4,0.54
36,60517,648,33,0,0.15
37,72320,524,5,0,0.12
74,104970,535,16,3,0.14
35,77557,482,19,1,0.52
64,55508,743,8,1,0.43
58,73734,305,4,3,0.58
66,69600,535,22,0,0.27
31,143273,426,32,0,0.21
32,65044,403,37,0,0.38
48,49437,779,13,4,0.37
18,74967,454,16,2,0.4
70,66121,556,18,0,0.27
71,27296,534,32,2,0.1
71,59407,799,0,2,0.12
20,56933,588,12,1,0.43
33,45618,809,26,3,0.36
40,100487,597,5,4,0.51
74,40423,436,5,2,0.25
28,75192,675,32,4,0.51
29,55607,386,29,1,0.31
27,63186,718,34,0,0.15
49,73562,498,22,2,0.59
33,31138,762,9,3,0.36
25,65895,736,18,1,0.41
55,188051,609,27,4,0.44
29,27491,580,22,0,0.28
41,58174,622,3,4,0.47
45,104989,451,19,3,0.54
70,69620,601,18,2,0.29
25,84455,577,26,3,0.43
45,18254,307,33,4,0.48
53,80750,534,3,4,0.2
43,40911,601,37,3,0.27
25,69908,337,6,3,0.15
67,58999,435,6,3,0.4
45,187056,720,25,0,0.5
45,78696,518,25,4,0.41
54,56595,647,18,1,0.19
58,28145,845,8,0,0.37
53,63613,378,19,0,0.52
44,90365,572,15,0,0.25
71,57510,460,16,1,0.52
34,46498,607,21,3,0.49
26,44968,673,12,4,0.11
50,78242,308,11,2,0.22
70,87526,743,9,2,0.37
37,118255,412,0,4,0.46
30,36406,504,31,1,0.54
45,77885,704,29,2,0.42
65,56339,496,7,0,0.29
46,57175,414,20,2,0.19
30,73197,420,21,4,0.48
63,73410,364,17,0,0.2
52,77993,575,1,2,0.45
23,35286,538,8,4,0.19
35,41154,601,2,1,0.15
68,125861,691,25,4,0.23
22,53621,821,20,1,0.24
64,69773,668,29,0,0.42
42,101451,532,27,4,0.18
19,75487,494,35,3,0.57
27,78689,311,25,3,0.38
73,93647,476,33,3,0.35
47,20778,516,7,3,0.32
67,46864,310,9,3,0.38
62,75682,745,13,1,0.11
22,119829,463,39,4,0.6
72,61885,352,14,0,0.38
73,39247,517,16,3,0.12
50,39773,659,17,3,0.39
71,93146,684,31,0,0.32
18,53697,355,37,0,0.11
35,59658,417,22,3,0.56
49,81431,552,22,1,0.11
64,14033,479,34,0,0.39
66,162784,714,38,4,0.58
28,41542,534,14,4,0.22
38,67573,379,23,1,0.23
43,25531,321,27,2,0.1
42,48471,776,15,1,0.13
39,111562,739,15,3,0.12
44,22969,392,39,2,0.51
66,105145,491,38,3,0.52
30,52216,402,5,4,0.46
50,76388,695,1,0,0.28
51,83179,306,12,3,0.51
58,74660,530,8,4,0.37
52,38852,539,33,1,0.25
18,49897,389,16,3,0.32
38,28831,531,26,4,0.13
65,76565,756,28,0,0.57
72,140228,532,36,3,0.41
23,24047,653,21,4,0.47
45,40911,632,23,3,0.44
34,54672,738,6,0,0.43
22,65294,674,33,3,0.11
48,92928,591,11,3,0.36
22,55486,644,22,4,0.51
55,51124,727,14,2,0.12
20,103939,429,32,3,0.58
70,83366,440,12,2,0.31
40,78392,714,22,1,0.24
54,63339,392,37,3,0.37
70,97887,583,31,2,0.5
54,43124,522,34,1,0.34
27,40281,762,0,4,0.42
27,86946,844,4,3,0.35
36,26568,575,12,4,0.42
34,62698,439,4,1,0.17
38,51109,656,31,4,0.12
31,29647,322,20,4,0.17
26,37585,569,23,0,0.24
63,56699,632,17,1,0.23
18,100406,384,20,4,0.41
68,43196,330,9,2,0.33
62,109830,539,23,1,0.12
30,61795,662,39,0,0.12
21,115288,688,20,3,0.15
18,44256,598,24,4,0.28
66,58430,670,22,2,0.1
57,71987,398,21,0,0.35
49,54734,346,3,1,0.28
51,96424,721,33,4,0.38
45,19855,779,5,0,0.46
48,201028,361,27,0,0.23
25,91939,408,30,2,0.18
56,54898,848,34,3,0.24
43,45425,418,38,3,0.1
51,38823,681,22,3,0.16
71,82686,691,5,1,0.48
71,98468,351,15,0,0.21
20,55201,588,1,1,0.6
67,104140,636,23,0,0.18
29,38039,503,16,2,0.49
18,34825,537,0,2,0.45
71,148252,681,5,1,0.26
61,80463,435,4,1,0.27
22,120381,706,28,2,0.38
47,39066,807,11,4,0.53
47,37730,661,38,3,0.29
74,50045,680,2,3,0.13
34,39654,553,0,2,0.29
65,85193,776,26,3,0.2
64,41127,413,23,4,0.57
40,33328,319,18,4,0.45
32,64280,827,7,0,0.13
54,31413,444,1,1,0.25
38,24349,507,29,3,0.13
31,63999,830,29,4,0.52
19,24968,675,38,1,0.55
28,88224,803,31,1,0.16
68,29802,465,0,0,0.32
56,19529,849,37,1,0.57
55,51694,480,12,1,0.17
51,64363,743,10,2,0.25
55,76552,631,9,0,0.25
67,65251,802,25,0,0.12
51,35254,378,19,3,0.12
35,85522,695,16,1,0.58
47,96767,402,16,3,0.39
32,32765,701,3,4,0.25
44,54693,523,4,1,0.29
68,52196,817,22,4,0.46
51,66848,535,9,2,0.28
69,54043,726,27,1,0.21
74,57876,415,32,3,0.15
55,82529,462,25,3,0.46
50,34305,525,28,1,0.19
41,86568,529,26,3,0.13
32,105933,481,17,1,0.31
47,135546,548,39,0,0.12
72,20502,617,9,3,0.58
59,54641,509,4,1,0.41
68,22414,691,9,1,0.18
34,17720,395,20,3,0.19
22,64347,385,23,0,0.38
46,49041,714,37,3,0.28
21,69558,693,2,1,0.49
27,76348,800,39,0,0.37
73,111742,432,30,4,0.32
34,61510,613,36,2,0.58
27,258248,520,1,3,0.3
34,69787,737,1,1,0.3
37,150427,345,38,0,0.43
41,18649,491,33,0,0.5
22,117579,819,19,4,0.41
51,54700,678,32,3,0.45
23,22602,633,3,0,0.29
70,73885,338,10,4,0.34
19,51458,592,4,1,0.2
30,80019,461,24,4,0.44
60,99263,630,36,3,0.21
60,28436,403,33,4,0.1
65,99454,460,8,0,0.57
28,60068,353,5,0,0.25
68,117761,333,17,2,0.2
64,54037,541,13,4,0.23
74,47325,412,18,1,0.27
40,60689,617,13,3,0.34
72,63002,322,39,2,0.13
33,42985,417,16,4,0.13
48,46716,511,34,1,0.25
28,32421,717,28,2,0.25
71,48178,412,16,0,0.16
33,83964,343,7,3,0.3
25,55900,427,0,4,0.24
21,99164,457,35,1,0.11
57,54572,693,6,0,0.54
21,29267,811,4,2,0.54
73,80711,344,23,3,0.2
42,42752,407,27,2,0.18
20,53280,518,16,2,0.37
49,111166,742,36,1,0.42
20,33508,614,19,0,0.58
44,65014,476,2,4,0.29
46,58673,527,36,1,0.41
49,85004,566,25,3,0.54
67,91819,678,14,2,0.32
68,68317,788,7,3,0.16
36,50001,589,12,1,0.29
38,75863,656,2,1,0.17
22,116754,503,0,4,0.11
35,59062,512,8,2,0.48
45,52384,622,30,1,0.22
59,72699,480,25,3,0.1
39,61044,798,16,4,0.54
38,30673,619,33,3,0.32
23,67485,382,8,2,0.22
18,30534,602,12,4,0.23
22,72203,561,4,4,0.22
58,40192,499,12,4,0.2
29,60988,539,0,0,0.52
43,72787,594,24,4,0.19
63,204219,811,3,3,0.38
51,86801,695,35,3,0.14
66,118468,437,9,2,0.57
31,152645,428,27,1,0.4
43,76468,348,5,1,0.55
62,69067,592,26,0,0.3
44,35123,835,11,4,0.51
26,56482,610,2,0,0.53
43,41708,836,32,2,0.45
74,48994,533,9,2,0.15
64,152562,508,30,1,0.11
74,63405,393,14,2,0.18
39,38640,626,6,4,0.16
64,119046,524,35,3,0.46
73,96532,310,13,2,0.38
47,99094,628,13,0,0.36
60,21959,311,2,4,0.23
65,158630,334,2,2,0.18
34,45285,746,21,2,0.2
43,88342,751,18,4,0.3
53,211482,519,34,2,0.47
18,175899,740,11,3,0.23
25,36725,834,4,1,0.45
66,29078,528,9,4,0.35
52,122415,643,32,0,0.54
69,64281,379,12,2,0.22
32,46609,652,34,1,0.33
64,81683,695,31,0,0.15
73,55191,589,10,0,0.27
39,85021,754,37,3,0.35
31,61913,427,23,1,0.47
43,85921,842,34,4,0.2
45,38281,658,18,1,0.21
40,122055,826,5,1,0.42
31,84864,612,39,0,0.29
41,82714,374,34,3,0.34
19,34240,845,3,3,0.52
62,140058,495,32,1,0.35
43,59464,328,12,1,0.43
31,86165,315,35,2,0.43
73,50949,722,18,0,0.5
68,68216,704,11,4,0.42
24,69463,830,10,4,0.13
20,14618,376,5,3,0.27
64,80115,528,11,0,0.59
40,159958,596,26,3,0.2
63,78424,809,24,4,0.39
60,37091,837,2,1,0.52
64,82866,625,2,0,0.39
62,101695,662,19,0,0.29
35,77360,658,27,2,0.14
55,57695,623,22,1,0.28
52,53046,625,2,1,0.19
68,52936,464,23,3,0.58
32,84871,754,39,0,0.46
42,29626,452,5,3,0.47
72,49715,426,19,1,0.32
54,132960,492,10,2,0.15
45,135550,829,31,0,0.23
27,28593,309,26,1,0.23
56,34006,391,20,2,0.34
74,52296,438,12,4,0.33
34,93554,780,21,1,0.32
56,24010,748,34,4,0.35
39,58255,632,21,3,0.59
43,47235,639,27,4,0.25
61,116190,351,20,1,0.41
42,25888,765,17,4,0.22
34,62709,774,30,0,0.33
30,49177,700,36,1,0.2
37,124853,738,20,2,0.38
42,80726,808,13,4,0.23
21,44671,452,24,0,0.12
27,91738,813,26,3,0.51
20,49295,802,39,3,0.16
58,98682,305,22,4,0.28
62,53181,799,30,3,0.34
35,101451,417,28,2,0.32
64,74461,784,29,1,0.46
53,305665,767,25,0,0.4
64,58311,460,19,4,0.25
39,72506,569,37,3,0.13
51,47112,355,18,1,0.48
64,59954,527,26,2,0.28
25,15507,448,24,3,0.54
57,75568,345,39,3,0.3
66,117176,443,37,0,0.46
61,73007,639,22,2,0.57
36,31041,712,28,2,0.43
59,40098,819,14,4,0.31
58,17763,643,2,0,0.38
54,97680,686,9,4,0.37
23,36197,772,14,0,0.39
69,59020,574,15,2,0.17
43,55444,652,16,0,0.45
51,125978,365,18,0,0.17
73,62482,378,10,0,0.11
62,89719,501,4,1,0.41
23,78686,412,4,1,0.16
54,118149,390,13,2,0.49
74,53126,440,25,0,0.53
50,152482,588,7,2,0.57
70,22184,710,4,1,0.43
39,91925,676,6,0,0.34
38,38819,683,15,4,0.28
23,46799,451,13,1,0.35
23,79595,618,36,1,0.2
72,79276,668,3,1,0.27
65,81081,761,35,0,0.46
21,29939,311,16,3,0.21
47,123564,455,35,4,0.23
28,38165,776,5,4,0.47
47,40796,700,15,2,0.19
48,82367,476,28,0,0.22
41,51877,640,35,1,0.11
72,69851,356,37,3,0.46
26,20367,747,36,0,0.41
72,69020,502,9,0,0.45
20,66763,501,35,3,0.21
68,46400,629,28,1,0.44
48,21225,662,13,0,0.4
57,53830,753,3,4,0.28
54,58765,655,35,4,0.32
53,49830,515,12,3,0.38
41,23906,322,17,1,0.35
48,132901,454,32,3,0.42
23,43502,485,20,0,0.19
19,53578,548,15,4,0.37
37,17948,433,14,2,0.33
45,132910,620,4,3,0.33
28,47416,689,5,2,0.33
21,62895,733,37,2,0.54
32,104858,321,2,4,0.51
23,42695,424,11,3,0.41
71,96918,378,35,2,0.46
66,21361,350,32,0,0.12
47,78865,475,35,1,0.47
73,131415,552,32,1,0.34
55,44792,545,30,4,0.26
68,104761,405,20,3,0.17
74,149785,492,26,3,0.14
19,52710,615,26,1,0.12
32,50576,601,7,0,0.18
28,38210,847,36,1,0.12
25,46403,567,31,1,0.47
43,39827,469,25,3,0.22
68,38194,754,1,2,0.28
62,109034,591,11,0,0.51
61,40337,440,21,3,0.16
22,68135,445,16,1,0.52
23,61029,724,6,2,0.42
43,126632,613,3,0,0.27
71,46556,483,36,4,0.16
21,72444,427,37,0,0.15
36,88923,586,31,0,0.27
37,126105,552,10,1,0.17
50,46217,685,0,1,0.23
37,43960,529,24,4,0.13
66,35210,570,23,4,0.4
29,183166,714,16,4,0.17
64,119639,497,7,3,0.48
18,58623,622,26,3,0.21
43,157270,355,17,1,0.5
31,56901,502,26,1,0.19
55,86008,437,21,4,0.46
54,60179,721,15,3,0.27
28,73050,356,1,2,0.39
53,69277,370,4,3,0.12
30,48412,671,17,1,0.35
60,103388,813,2,3,0.17
20,85645,383,26,1,0.34
50,100092,342,16,4,0.17
23,70270,432,15,4,0.32
67,38052,694,5,4,0.16
73,140743,364,6,2,0.21
27,52508,589,13,2,0.4
22,71828,675,37,1,0.59
40,82264,766,39,0,0.32
27,71590,512,14,2,0.44
61,94627,447,32,1,0.37
19,102404,770,26,3,0.35
30,53507,448,28,4,0.13
57,134959,387,36,4,0.17
19,52394,623,4,4,0.54
37,70853,695,28,1,0.31
18,49323,703,31,4,0.41
54,42755,381,5,2,0.36
26,100921,585,1,3,0.29
34,285200,681,5,4,0.29
26,49967,569,3,1,0.38
28,109936,591,28,3,0.17
32,50870,752,24,4,0.29
41,59561,323,8,0,0.32
55,144176,610,2,4,0.59
72,35004,760,25,2,0.28
52,30666,507,26,3,0.42
47,57319,737,35,2,0.17
48,83435,837,31,0,0.13
66,75495,635,0,0,0.54
22,71706,721,15,2,0.47
61,60904,620,10,3,0.26
67,88722,796,25,0,0.35
31,13949,462,39,0,0.17
70,41134,840,0,4,0.45
73,57136,464,25,1,0.14
28,85158,594,27,0,0.48
26,126106,341,8,3,0.37
51,38462,584,21,3,0.24
29,124062,686,7,4,0.53
52,47749,437,26,3,0.59
52,56108,486,38,4,0.23
18,80074,730,18,0,0.5
57,54088,715,24,0,0.48
39,104303,725,37,0,0.47
46,48908,715,20,0,0.58
25,49277,325,23,1,0.34
28,101315,670,23,1,0.44
58,40881,684,18,0,0.51
54,67809,355,1,3,0.34
31,26101,552,13,4,0.34
47,148719,405,31,2,0.26
52,109455,429,31,4,0.49
38,236819,675,27,2,0.44
54,116912,607,38,2,0.33
22,34036,390,39,0,0.31
36,83643,692,39,2,0.14
31,37835,833,12,0,0.1
43,131797,409,11,1,0.36
21,34524,639,7,3,0.31
42,33705,655,14,2,0.5
62,26771,467,25,3,0.37
59,46901,751,11,0,0.57
42,42415,404,26,2,0.2
35,31862,449,17,4,0.6
57,161927,445,35,1,0.25
25,78037,598,26,1,0.42
56,73579,466,8,2,0.35
57,132532,347,38,1,0.28
31,68058,538,0,4,0.17
49,41178,306,6,3,0.17
68,25588,763,25,4,0.46
55,40033,752,6,1,0.29
50,127097,670,6,3,0.58
40,31962,848,7,4,0.26
32,71436,786,15,0,0.59
50,100404,510,2,0,0.2
42,69055,464,9,3,0.15
34,73093,424,6,3,0.26
50,83100,636,20,3,0.54
64,72376,491,36,0,0.36
72,133858,513,30,4,0.17
19,35591,627,22,3,0.2
31,67522,680,26,0,0.26
70,24122,538,21,3,0.4
57,21229,831,38,3,0.27
57,57478,381,26,3,0.47
68,78565,662,3,0,0.41
56,135311,804,23,4,0.54
68,200766,501,22,0,0.35
23,115835,803,18,0,0.27
23,86127,336,2,3,0.6
20,64859,701,26,2,0.28
24,27844,475,2,2,0.31
68,55658,844,27,2,0.5
25,114140,766,16,0,0.14
59,93820,500,30,3,0.29
69,31471,839,9,2,0.14
32,81390,846,21,1,0.17
64,77979,693,29,1,0.1
46,71320,341,20,1,0.1
50,59046,692,35,4,0.29
69,83515,740,22,3,0.5
47,84851,805,37,0,0.39
56,43445,619,11,0,0.42
44,75169,514,24,3,0.36
53,54464,370,19,4,0.51
46,28463,535,6,3,0.54
55,45215,580,28,4,0.52
74,27396,461,28,2,0.51
50,97738,490,12,2,0.19
54,71535,308,2,4,0.4
44,50123,359,1,3,0.39
72,121815,524,15,2,0.36
50,61944,586,29,3,0.34
21,29272,468,37,2,0.14
39,48062,361,5,3,0.15
19,135459,648,6,3,0.55
27,42841,741,4,1,0.42
22,68707,313,6,4,0.23
27,86850,463,33,0,0.24
50,80416,719,31,4,0.41
71,203766,819,12,3,0.3
55,33251,847,29,3,0.32
30,34953,327,24,4,0.13
48,33527,745,20,3,0.17
64,51639,507,20,2,0.3
53,103744,769,27,3,0.45
62,35743,403,19,4,0.12
41,104472,725,33,4,0.27
69,60935,400,4,4,0.45
73,34389,840,17,1,0.5
32,24942,821,38,1,0.2
46,27895,405,10,1,0.47
25,42919,576,16,1,0.58
22,55018,364,21,1,0.55
46,117363,487,36,1,0.49
64,89281,616,19,1,0.46
21,39360,437,5,4,0.22
29,73447,642,33,0,0.42
62,136731,404,13,1,0.42
19,152811,845,22,4,0.3
44,51164,679,19,0,0.35
48,96678,409,12,1,0.45
68,119967,844,31,0,0.58
68,28182,653,25,0,0.25
53,46341,616,13,2,0.22
53,181681,565,35,3,0.4
43,51507,364,7,2,0.17
60,13842,632,39,0,0.39
44,56360,812,21,4,0.14
22,105062,432,21,1,0.35
37,60069,839,15,3,0.41
28,85620,834,26,1,0.14
27,95713,795,9,4,0.2
57,50137,668,24,3,0.27
55,46180,398,30,2,0.28
23,64648,616,20,0,0.44
25,65440,422,26,4,0.36
40,61515,619,16,0,0.29
64,62791,794,32,0,0.33
43,41180,756,30,1,0.11
63,87128,821,25,4,0.49
60,80790,819,20,0,0.12
29,30699,614,35,2,0.51
43,49287,841,0,3,0.37
30,62726,778,3,4,0.36
57,45836,319,3,1,0.45
35,82346,429,25,4,0.53
42,57904,592,3,1,0.57
50,65155,431,8,3,0.37
64,49003,655,29,2,0.18
57,22101,353,3,0,0.54
60,21478,686,4,4,0.12
29,80402,564,22,1,0.5
61,68422,514,15,3,0.44
53,74557,759,21,0,0.55
65,64038,757,36,3,0.55
21,66654,342,7,2,0.13
22,97198,577,32,0,0.4
73,74780,429,37,0,0.16
54,100755,649,15,0,0.14
25,65233,843,4,1,0.32
59,51524,405,15,0,0.15
66,65979,300,6,3,0.46
45,39415,731,0,1,0.58
48,49517,605,8,0,0.38
26,65433,826,17,3,0.22
71,65001,352,2,3,0.52
68,56771,819,23,4,0.53
46,29908,629,27,3,0.47
31,82306,624,9,2,0.41
57,90863,413,8,0,0.53
58,136195,446,12,0,0.18
39,74674,465,34,0,0.57
28,59917,678,22,3,0.57
40,36079,438,16,3,0.54
18,126248,598,6,0,0.23
63,67772,575,15,1,0.53
54,65952,477,39,1,0.35
38,52731,653,35,2,0.4
43,51073,453,19,4,0.52
63,84468,500,23,2,0.11
53,35928,414,4,0,0.28
71,134957,367,5,0,0.51
40,121026,744,27,0,0.51
74,50159,744,4,4,0.52
18,38873,625,38,3,0.18
71,21859,658,37,4,0.45
72,32025,444,1,2,0.17
68,86245,574,38,3,0.49
57,70099,808,20,3,0.22
32,76636,478,39,2,0.47
38,23794,776,36,3,0.33
64,49123,713,17,1,0.59
26,118614,452,11,2,0.39
70,57067,403,16,2,0.42
26,31693,374,36,1,0.28
27,56624,427,37,4,0.47
69,40720,644,14,4,0.35
74,70745,830,6,4,0.11
70,60492,458,13,3,0.4
43,78562,837,0,1,0.52
58,32566,725,37,2,0.22
52,47841,322,2,2,0.21
69,103281,346,36,2,0.4
42,30420,824,30,3,0.51
43,36259,443,12,3,0.22
28,66147,718,17,4,0.57
55,69103,384,16,3,0.56
19,46890,715,16,4,0.2
24,52092,781,10,4,0.23
35,78167,755,19,2,0.45
44,91566,596,9,3,0.58
51,35080,411,28,4,0.45
44,71837,529,33,1,0.32
34,127517,395,16,1,0.18
60,56503,677,12,3,0.33
61,34894,455,38,2,0.4
68,34096,720,26,2,0.27
71,55250,404,25,4,0.36
41,100501,629,27,3,0.17
42,58666,738,12,1,0.33
24,65815,431,11,4,0.15
69,36381,681,27,4,0.12
23,97886,437,1,0,0.53
70,33764,569,36,3,0.2
41,46525,849,33,4,0.39
50,82039,695,22,1,0.17
66,21596,763,28,0,0.23
46,65315,749,34,1,0.28
60,35612,630,10,2,0.17
39,60371,552,32,0,0.12
43,50210,584,10,0,0.54
45,171599,573,8,4,0.11
67,49189,319,13,2,0.13
38,150440,538,8,4,0.5
66,80296,569,38,3,0.24
24,40105,717,2,1,0.46
34,70643,609,28,1,0.17
37,51420,330,18,4,0.22
58,67580,403,35,1,0.39
66,41900,485,31,1,0.59
37,139398,427,6,3,0.14
71,95101,509,27,2,0.3
39,60833,713,17,0,0.12
45,142138,580,4,4,0.2
57,62139,552,22,4,0.55
66,103653,318,21,3,0.15
24,61031,435,25,3,0.53
18,72907,522,11,0,0.19
49,57485,302,39,2,0.53
30,62796,535,18,4,0.37
47,65203,764,0,3,0.54
40,42835,527,2,4,0.18
68,48994,798,26,1,0.48
73,53724,820,17,4,0.44
36,67161,438,29,2,0.37
49,58965,575,1,2,0.51
47,107636,590,4,4,0.42
46,91451,352,28,1,0.54
66,54275,409,32,2,0.29
62,119478,303,19,3,0.39
46,152742,346,29,4,0.54
47,21549,393,4,1,0.21
33,95429,512,20,3,0.34
57,42340,735,14,4,0.58
36,89355,807,19,1,0.34
35,111203,504,7,3,0.23
18,38619,680,30,2,0.28
31,23714,372,11,4,0.54
68,90918,815,20,4,0.58
64,64068,375,29,2,0.58
67,25998,376,26,0,0.45
19,212093,709,25,3,0.35
71,81814,405,32,2,0.19
45,83704,775,25,4,0.16
66,118528,574,25,3,0.13
67,44783,387,35,3,0.11
47,63909,376,39,0,0.54
55,30956,376,0,4,0.5
68,44179,741,14,1,0.38
21,72607,839,0,0,0.6
18,26039,544,10,0,0.58
25,43558,681,1,1,0.43
46,37647,441,0,1,0.33
72,64282,667,30,0,0.18
56,79805,383,15,3,0.36
20,86775,442,21,2,0.18
49,98657,651,17,2,0.3
27,118902,844,16,0,0.57
27,81114,451,29,3,0.27
36,153839,457,9,1,0.18
63,63560,745,34,0,0.39
51,54903,602,20,4,0.4
50,81117,749,15,3,0.2
40,53733,523,5,4,0.2
72,151188,342,2,4,0.59
45,105397,563,20,0,0.22
49,87128,302,12,3,0.52
67,63940,567,17,4,0.34
24,48837,315,23,3,0.32
46,85021,633,26,2,0.25
25,34079,763,3,4,0.49
18,128950,358,21,4,0.54
74,54785,476,23,3,0.23
72,69741,362,39,2,0.15
20,37994,606,9,4,0.17
41,85947,545,1,0,0.5
40,47721,588,39,3,0.32
25,82835,631,5,3,0.17
71,87439,826,17,4,0.27
74,43311,554,16,2,0.36
64,34140,809,37,4,0.53
54,128791,762,22,1,0.42
20,54385,498,29,4,0.19
68,66998,570,20,1,0.18
50,76323,363,9,0,0.31
45,31989,529,12,3,0.14
64,75458,548,11,3,0.48
25,62916,545,8,2,0.3
51,43400,456,3,4,0.27
52,33581,387,38,0,0.35
49,81059,612,23,1,0.45
41,105224,365,33,2,0.38
31,65466,319,38,0,0.5
49,29224,332,4,0,0.41
73,35289,372,14,1,0.49
63,48239,642,3,1,0.45
60,130915,432,38,3,0.2
33,52924,354,7,4,0.13
21,47368,360,23,2,0.55
69,25932,819,27,4,0.57
54,43116,571,26,2,0.46
71,32322,545,0,0,0.46
38,36257,475,33,1,0.24
31,63574,616,16,1,0.37
48,48992,430,36,0,0.6
72,140048,401,37,0,0.53
65,102641,609,25,2,0.25
35,44159,591,23,0,0.25
24,37857,794,38,2,0.34
27,119529,660,20,4,0.3
24,137313,637,29,1,0.29
50,19987,309,12,1,0.41
40,62719,348,36,1,0.11
38,52789,786,2,4,0.48
36,82831,620,31,4,0.47
65,158155,432,34,3,0.52
36,47003,382,18,2,0.52
53,21368,356,13,2,0.38
46,79977,675,21,3,0.49
35,119968,648,16,1,0.35
19,51437,570,3,2,0.58
18,42086,782,39,2,0.2
64,48116,410,18,1,0.56
22,91592,375,36,0,0.23
37,47703,457,1,0,0.15
28,70571,831,14,3,0.32
59,60712,628,1,4,0.41
19,57659,421,10,2,0.22
20,85020,340,22,2,0.38
40,47132,466,9,3,0.5
72,48276,322,2,3,0.23
29,89214,578,4,2,0.39
37,36553,768,2,1,0.27
22,38556,699,37,1,0.36
54,31883,308,12,4,0.43
55,91537,312,18,2,0.28
47,56805,351,39,2,0.6
26,31044,508,34,2,0.38
51,91757,849,23,2,0.51
70,45352,701,23,3,0.46
61,38721,490,16,0,0.53
52,54293,350,39,2,0.19
69,125412,692,9,0,0.21
39,49144,599,1,1,0.34
61,79831,495,22,4,0.53
41,86123,716,5,1,0.2
34,74729,719,1,2,0.59
27,113044,821,20,1,0.16
47,42042,655,34,3,0.19
73,35537,447,28,0,0.18
63,35189,664,6,2,0.39
40,55701,663,28,3,0.56
49,37289,701,36,0,0.23
34,64458,791,22,3,0.38
67,62223,528,32,1,0.19
68,99636,836,7,2,0.42
34,69256,567,11,1,0.16
31,48626,704,9,4,0.35
26,73528,310,14,2,0.43
57,35771,619,23,1,0.39
19,58743,425,25,2,0.17
62,70241,605,38,0,0.18
42,63873,810,2,2,0.44
56,73683,388,1,2,0.5
26,43389,654,5,0,0.55
71,106512,651,20,1,0.51
39,148908,313,8,2,0.59
60,26867,556,9,3,0.3
63,32604,508,35,2,0.27
21,61177,580,2,1,0.11
43,52665,742,23,0,0.32
46,154539,688,21,1,0.43
62,66828,782,13,4,0.51
51,120123,446,26,2,0.23
40,21492,578,32,2,0.36
54,89956,820,21,0,0.43
28,41866,733,28,2,0.38
23,41532,443,18,3,0.24
35,52882,588,18,3,0.5
38,29369,685,5,1,0.19
59,74711,313,18,0,0.55
53,65864,556,12,4,0.58
58,68397,645,25,1,0.28
55,93294,644,21,0,0.29
51,127693,699,20,0,0.47
34,49918,506,35,1,0.33
54,76014,471,1,1,0.11
42,69320,763,29,2,0.56
55,72316,569,26,4,0.32
29,72860,520,6,3,0.2
40,132621,451,19,2,0.38
70,47579,482,30,0,0.21
59,27920,698,22,4,0.2
39,42237,371,12,4,0.37
38,87433,717,16,1,0.3
44,60576,582,3,4,0.39
74,47391,373,13,4,0.6
48,34952,654,19,0,0.53
23,66879,796,12,2,0.1
44,82640,627,2,4,0.13
57,69768,834,25,1,0.41
51,52750,746,25,2,0.41
29,64429,672,17,1,0.54
62,64242,661,31,4,0.41
74,65831,392,13,2,0.21
70,33118,620,2,4,0.33
24,66082,623,0,0,0.5
27,48035,683,25,2,0.56
62,100741,645,23,1,0.22
34,63988,402,34,0,0.37
43,90920,514,13,3,0.18
38,51488,491,2,1,0.35
45,52425,493,12,4,0.15
63,126389,679,13,1,0.57
19,74471,702,20,3,0.42
71,41887,310,25,1,0.53
60,93759,486,2,0,0.6
18,45859,314,39,1,0.19
68,67026,596,3,2,0.45
70,149992,710,35,3,0.54
53,29271,351,0,1,0.39
68,54836,327,39,3,0.42
43,73433,316,32,0,0.3
46,87758,650,6,2,0.44
38,32189,727,10,4,0.3
28,27780,528,26,1,0.34
57,103298,509,13,0,0.15
28,41764,730,21,3,0.1
53,40898,593,15,3,0.13
66,129978,403,11,0,0.2
56,61997,503,9,1,0.33
57,62200,352,23,4,0.11
52,54726,674,17,1,0.18
71,32467,353,21,2,0.49
51,83939,575,8,1,0.48
72,73476,634,16,2,0.49
64,65143,330,37,3,0.56
41,56491,434,39,2,0.16
71,51732,357,12,4,0.18
39,94489,404,36,0,0.27
22,55790,565,5,2,0.56
73,57986,821,20,1,0.49
50,78037,795,35,2,0.26
53,66435,552,6,3,0.14
64,136099,594,35,2,0.41
37,24817,457,24,4,0.23
36,69560,848,10,2,0.37
52,42074,366,13,4,0.57
69,37382,598,28,1,0.39
60,47641,762,9,3,0.56
34,61533,400,4,0,0.3
62,62914,355,7,1,0.42
60,28038,631,4,1,0.55
51,45681,692,23,0,0.39
26,68913,680,39,2,0.41
43,38620,391,25,2,0.46
19,34289,746,5,2,0.54
70,19378,408,15,3,0.14
26,42976,616,35,1,0.27
26,33697,467,11,4,0.3
57,36608,734,10,0,0.55
34,52265,741,2,1,0.58
18,44359,517,36,2,0.16
42,33419,521,5,0,0.16
60,20786,827,18,4,0.57
57,69644,577,17,1,0.25
59,87239,765,15,1,0.22
42,49100,329,22,3,0.12
56,52423,658,36,1,0.24
52,59958,587,8,1,0.45
20,131846,385,2,4,0.31
67,27341,533,7,4,0.36
54,48666,612,37,0,0.56
61,25311,664,3,2,0.16
61,71765,568,11,4,0.14
68,55715,430,30,0,0.53
47,66270,650,24,1,0.49
55,64638,479,15,0,0.23
51,98258,779,13,0,0.26
29,78359,462,12,0,0.26
36,90694,395,6,0,0.42
54,35144,809,11,4,0.13
61,108725,664,36,2,0.34
66,41723,652,3,0,0.17
34,42940,735,1,3,0.51
27,68557,382,34,1,0.29
74,69630,524,2,1,0.36
72,35033,711,3,1,0.11
66,54905,417,37,1,0.13
64,126010,781,11,1,0.44
29,28733,491,18,0,0.48
33,125820,406,9,2,0.46
41,53058,681,0,3,0.47
36,18603,689,16,4,0.15
25,30231,543,15,3,0.45
48,36984,767,8,4,0.19
38,43828,837,8,4,0.15
34,56819,509,8,3,0.48
40,15494,372,11,0,0.54
54,65736,608,14,1,0.46
71,35328,485,1,0,0.5
33,120001,552,10,1,0.6
23,52308,312,10,2,0.17
25,95934,598,7,4,0.58
42,104315,375,31,3,0.4
35,102912,350,5,2,0.51
42,45107,448,19,1,0.43
29,44819,421,38,0,0.39
32,53504,510,34,3,0.45
43,82299,579,7,4,0.26
58,46381,837,33,2,0.56
62,56408,455,18,4,0.16
43,68651,537,6,1,0.26
64,38084,675,30,4,0.12
49,36899,381,17,0,0.24
27,55318,791,39,2,0.21
33,59106,655,13,2,0.12
24,74380,572,38,0,0.35
34,83779,343,35,4,0.33
40,34560,422,16,0,0.14
43,39893,648,36,3,0.23
38,36850,629,8,0,0.58
39,121324,708,19,4,0.16
24,56379,622,27,0,0.25
31,60358,410,19,1,0.12
32,61628,388,35,0,0.17
70,41863,732,26,0,0.45
24,130892,398,7,4,0.28
26,73534,838,31,3,0.33
68,61071,445,0,3,0.18
65,34453,556,16,4,0.44
25,33491,488,8,4,0.48
67,51305,539,19,4,0.19
40,42192,802,31,1,0.12
46,35111,570,1,2,0.14
35,49737,819,31,0,0.43
48,53733,849,8,4,0.17
47,64272,413,29,4,0.35
69,46538,638,19,4,0.18
56,36177,658,37,3,0.19
52,36810,633,0,4,0.1
35,109807,468,4,0,0.26
59,32020,638,34,4,0.14
56,71796,560,35,0,0.3
34,77634,498,0,1,0.4
31,56351,510,13,2,0.28
48,144916,586,8,3,0.45
41,76946,771,29,0,0.47
52,150459,781,23,1,0.45
61,43237,322,3,2,0.57
62,43609,408,13,2,0.22
51,77945,595,24,2,0.19
20,52536,305,3,0,0.4
54,139083,849,24,1,0.4
60,71029,502,9,4,0.36
57,35515,624,34,1,0.1
43,25124,543,6,1,0.38
72,57577,626,12,1,0.57
40,57264,346,3,0,0.27
61,70044,312,35,0,0.58
56,109682,679,13,0,0.28
32,102698,664,17,1,0.17
73,44826,641,7,0,0.3
66,31353,520,31,2,0.35
21,32303,372,26,0,0.41
46,41423,345,36,3,0.35
39,49843,803,22,0,0.37
42,69740,573,6,0,0.11
30,40115,507,11,0,0.23
35,68885,423,24,0,0.26
50,71755,309,2,3,0.59
33,64322,628,25,4,0.25
62,34053,486,3,0,0.55
59,75653,842,35,2,0.25
61,169504,359,14,3,0.15
19,67707,741,31,4,0.22
72,13676,516,28,0,0.24
52,111350,301,9,4,0.59
59,42134,835,20,2,0.44
51,185879,655,15,3,0.57
47,63461,464,18,3,0.52
72,25787,390,28,4,0.39
30,21325,466,17,0,0.44
30,129297,506,15,1,0.41
35,104083,581,0,3,0.43
49,182227,364,1,1,0.23
49,60202,815,14,3,0.3
52,58205,456,38,0,0.4
56,49446,605,27,0,0.12
63,43081,694,0,3,0.34
69,49206,373,4,4,0.53
46,66751,486,21,0,0.35
66,39263,636,35,0,0.38
46,25987,539,12,2,0.2
70,64856,832,0,0,0.5
61,38828,440,15,2,0.28
74,11852,564,21,0,0.58
33,78927,438,31,0,0.6
73,34405,758,15,4,0.56
61,83357,369,14,4,0.14
64,82365,684,11,0,0.27
74,68995,497,0,3,0.57
27,208649,504,16,3,0.5
47,55880,730,27,0,0.56
42,51905,624,6,3,0.39
56,84274,741,8,0,0.34
37,58237,587,21,4,0.15
22,106963,525,25,1,0.52
18,31748,363,11,2,0.47
47,32013,797,6,3,0.13
66,87807,359,14,3,0.2
20,33442,696,37,4,0.38
62,81190,556,20,3,0.44
31,72041,538,13,0,0.17
73,42309,337,1,0,0.22
47,71939,324,7,1,0.2
67,32296,709,5,1,0.21
21,36317,760,36,1,0.56
35,53178,716,36,0,0.46
54,62284,656,32,1,0.47
42,51440,682,5,1,0.5
65,74351,457,25,0,0.28
18,72709,732,38,4,0.48
70,128628,347,36,3,0.59
63,57088,627,13,2,0.45
32,108801,732,36,0,0.31
26,94879,730,7,0,0.46
32,188525,355,38,2,0.55
66,56183,567,12,2,0.16
74,48524,368,12,1,0.23
41,112290,748,39,2,0.56
21,72599,556,27,3,0.57
29,113644,789,17,3,0.34
54,85682,348,18,3,0.29
54,20881,615,37,3,0.24
60,72269,712,31,3,0.35
23,69955,733,21,1,0.57
56,63994,301,1,0,0.17
73,56043,444,12,2,0.31
63,27009,665,22,0,0.56
41,92696,719,24,2,0.27
28,72177,743,27,1,0.48
30,103878,733,10,1,0.29
51,27739,356,32,4,0.5
42,77154,477,23,4,0.59
24,53245,592,1,1,0.29
69,64337,345,29,1,0.52
21,53552,469,16,2,0.59
25,78574,570,39,1,0.59
37,55191,716,33,0,0.32
46,35384,438,37,2,0.34
71,62518,546,21,1,0.25
70,53793,447,4,2,0.26
68,57428,529,39,2,0.35
62,12162,673,15,3,0.2
63,84230,379,12,4,0.46
27,51157,364,25,2,0.37
60,30513,387,30,2,0.55
51,94966,387,38,3,0.51
74,82304,503,22,1,0.26
43,50834,681,11,2,0.35
58,33654,775,13,3,0.48
66,65448,838,17,0,0.2
20,63675,513,26,3,0.12
73,95050,373,27,4,0.53
23,47960,360,17,4,0.17
22,108821,842,15,1,0.54
22,45700,518,15,1,0.56
71,30548,311,12,4,0.33
64,33991,714,28,4,0.5
40,58034,331,8,2,0.28
66,57944,459,25,4,0.53
26,70539,536,27,1,0.51
52,57228,480,12,4,0.14
37,97602,640,35,1,0.39
66,52546,757,8,0,0.42
59,22067,379,13,4,0.1
52,56356,772,11,1,0.59
67,21951,411,31,3,0.3
35,68575,591,37,2,0.36
34,101579,682,2,1,0.2
41,36566,316,15,4,0.41
20,121695,792,19,4,0.51
49,91255,630,31,0,0.39
52,109451,785,22,3,0.49
55,65826,705,16,1,0.47
30,36447,416,15,3,0.22
73,88469,414,37,0,0.32
64,43813,848,7,2,0.17
42,63509,846,18,3,0.12
26,54957,635,29,0,0.13
21,105066,635,33,1,0.57
31,86263,446,13,2,0.59
54,57510,421,21,4,0.15
51,22565,380,16,0,0.27
28,43581,674,14,4,0.16
58,85145,362,31,2,0.52
73,68875,803,12,0,0.35
20,28237,748,20,0,0.41
45,24262,727,39,2,0.37
46,66022,726,32,1,0.46
26,35294,720,26,0,0.26
20,37034,621,34,2,0.17
42,83809,465,15,3,0.11
51,109219,760,27,4,0.32
29,41136,758,33,0,0.55
59,58549,488,0,3,0.25
26,57692,763,30,0,0.2
32,55154,678,35,1,0.56
57,61101,301,32,2,0.15
42,87399,663,32,0,0.13
22,42746,371,38,2,0.54
28,27927,726,17,0,0.45
51,139386,469,22,1,0.31
41,103229,504,22,1,0.48
32,34481,636,14,3,0.47
55,64075,771,25,1,0.12
25,99245,494,29,2,0.44
22,87074,574,24,1,0.42
65,75433,306,15,0,0.58
43,54988,477,38,1,0.58
35,142009,541,13,2,0.29
23,66864,502,16,0,0.39
54,46282,842,11,3,0.17
65,92553,761,28,3,0.13
30,62820,379,31,3,0.32
45,71317,822,23,0,0.44
22,66275,716,12,3,0.38
30,76756,683,19,1,0.31
34,36708,690,14,0,0.51
67,28982,425,3,0,0.5
57,122647,793,33,0,0.47
62,67832,346,27,4,0.14
49,88029,775,1,2,0.5
46,24837,763,29,4,0.56
68,102062,422,25,4,0.13
20,46131,773,25,4,0.3
73,40010,433,19,2,0.59
57,58006,322,27,4,0.4
51,36717,534,19,3,0.36
57,59822,358,10,0,0.19
44,55928,463,9,0,0.38
30,101742,515,22,1,0.32
62,127602,482,36,3,0.16
50,125587,389,18,2,0.33
23,19297,610,17,0,0.18
41,37512,556,26,4,0.47
36,19197,832,5,1,0.59
33,32965,832,9,1,0.33
57,43271,351,1,0,0.42
45,73517,637,23,3,0.32
50,46167,470,37,1,0.17
65,46815,366,27,0,0.59
58,65570,599,27,3,0.16
30,25472,531,38,0,0.16
60,39367,367,1,0,0.33
62,46547,805,4,3,0.43
42,54111,327,10,3,0.28
70,62222,350,9,3,0.2
59,126794,559,1,0,0.51
53,94293,483,14,1,0.28
44,40755,322,38,2,0.2
55,52540,428,36,2,0.28
24,50781,590,6,0,0.21
22,46301,800,19,0,0.36
60,68614,485,33,1,0.43
62,23626,778,34,3,0.5
74,93000,791,33,0,0.21
68,139633,812,21,4,0.18
48,52317,366,30,3,0.11
40,51808,766,22,0,0.21
59,64765,584,18,4,0.11
27,99677,716,3,1,0.27
49,50911,399,23,4,0.17
60,95508,488,19,0,0.39
70,76438,687,38,2,0.29
47,195009,540,27,0,0.15
56,50800,716,38,2,0.3
48,22292,475,16,1,0.2
35,29246,686,18,1,0.44
53,60232,770,34,3,0.28
19,100101,532,31,3,0.17
31,43206,751,38,2,0.27
30,53344,576,34,2,0.21
46,84323,528,29,1,0.5
29,36952,470,16,4,0.59
56,44106,512,28,2,0.11
19,33394,581,5,2,0.45
49,107916,340,16,4,0.23
30,129422,421,16,3,0.13
63,27181,526,13,3,0.11
44,55765,593,23,2,0.54
66,121010,566,36,3,0.28
58,73082,840,39,3,0.6
34,46881,750,38,3,0.32
57,27637,748,31,1,0.19
48,106560,360,35,0,0.49
51,71700,801,36,2,0.56
41,28667,446,13,2,0.51
62,108547,633,26,1,0.47
52,26897,441,18,0,0.27
65,53624,343,30,0,0.13
23,52454,443,8,1,0.2
36,134482,632,37,4,0.32
47,52547,796,16,4,0.58
24,52453,695,18,0,0.46
27,30286,354,3,4,0.51
58,43468,606,10,4,0.24
49,39789,722,21,4,0.44
51,40838,716,3,0,0.53
45,60062,624,16,4,0.34
32,17728,379,7,2,0.31
47,28138,330,33,0,0.46
54,56641,411,10,1,0.38
46,63616,771,30,4,0.6
39,53278,373,10,3,0.31
21,58665,778,37,0,0.19
37,48797,686,20,1,0.34
49,59322,732,29,2,0.22
53,74389,711,9,1,0.38
67,74129,766,25,4,0.16
21,42426,547,26,3,0.57
44,94612,419,7,4,0.53
34,64767,366,38,1,0.18
29,110869,626,7,0,0.19
39,122569,769,7,3,0.36
34,29104,792,33,3,0.49
27,38967,585,15,1,0.21
71,89928,611,12,4,0.13
18,26044,608,22,1,0.37
39,121794,396,11,3,0.45
43,50415,412,26,1,0.22
73,79818,755,21,3,0.47
35,56489,762,31,4,0.58
67,29845,431,26,0,0.17
31,101495,420,1,0,0.36
64,236892,496,32,1,0.13
46,46281,781,25,3,0.2
29,50961,338,27,0,0.14
53,15921,811,18,3,0.3
52,117683,773,4,4,0.51
69,94455,460,32,1,0.39
29,25167,588,19,3,0.21
24,21323,499,29,1,0.12
46,22592,827,7,3,0.38
28,82667,802,37,3,0.17
50,86898,547,16,4,0.27
23,37734,682,0,1,0.36
64,76851,517,2,2,0.55
32,64824,386,25,3,0.14
49,49829,381,30,3,0.43
68,97255,361,7,0,0.11
28,32778,799,7,1,0.41
40,106273,341,34,2,0.38
43,41595,311,38,4,0.51
51,145913,414,27,2,0.37
63,36219,517,3,4,0.28
51,50222,405,15,2,0.22
46,61654,827,12,2,0.14
21,61461,771,19,1,0.37
34,76528,686,4,0,0.54
52,31481,525,36,2,0.36
30,58767,780,19,3,0.47
58,64155,707,23,3,0.25
56,45987,756,35,3,0.32
32,73278,320,33,0,0.26
72,30540,502,33,2,0.15
46,50857,716,18,4,0.31
46,41085,715,16,4,0.48
28,50933,747,4,1,0.3
69,123440,811,24,0,0.43
49,124645,384,17,2,0.48
19,113007,466,7,3,0.26
64,47518,683,26,0,0.5
31,94259,767,14,0,0.27
37,63334,371,12,2,0.23
39,61254,820,15,1,0.21
28,57602,772,21,1,0.2
44,144236,557,19,1,0.47
20,118529,574,12,3,0.54
34,86894,319,19,3,0.22
61,54986,789,1,2,0.14
73,61070,789,34,1,0.26
45,78063,625,18,2,0.43
46,46128,828,36,1,0.28
38,95717,388,5,0,0.37
64,37774,785,13,4,0.47
33,72832,649,3,4,0.3
54,19056,383,21,1,0.6
37,45464,686,38,2,0.25
23,169200,386,35,3,0.59
36,100518,606,33,1,0.2
74,129021,453,26,1,0.16
22,42887,739,6,3,0.48
20,63062,563,2,1,0.45
18,113663,720,32,0,0.51
55,82170,792,1,3,0.27
32,77209,710,15,0,0.57
51,135305,472,24,4,0.16
52,35588,303,14,3,0.12
66,54605,771,23,3,0.25
42,24908,409,14,2,0.5
41,34629,336,30,2,0.44
29,102446,330,13,3,0.32
35,37847,680,13,4,0.23
32,86488,567,5,1,0.13
61,137206,310,13,2,0.27
33,54777,643,16,4,0.33
44,77647,843,17,4,0.44
25,86825,465,19,2,0.42
63,32508,641,16,1,0.57
42,43992,781,15,2,0.15
34,36249,318,39,4,0.27
46,45781,483,38,0,0.34
70,85652,844,31,2,0.44
25,44462,309,8,4,0.35
32,58830,491,26,2,0.56
44,35552,619,32,4,0.4
63,110548,774,9,1,0.12
67,45590,726,16,4,0.16
69,128218,358,35,3,0.48
24,61726,735,16,0,0.46
20,29628,396,17,4,0.18
46,54966,795,22,2,0.13
61,35193,577,33,2,0.39
70,80392,564,7,4,0.42
41,52539,308,12,3,0.17
20,64965,756,22,4,0.34
37,49777,572,19,1,0.25
63,45357,307,21,3,0.57
32,36797,507,22,4,0.21
42,90954,422,34,0,0.47
47,54908,332,2,3,0.36
31,51156,812,33,4,0.11
24,54224,503,32,0,0.36
34,42640,817,16,4,0.15
61,51242,816,18,1,0.43
37,66357,742,29,2,0.38
53,35700,638,22,4,0.11
26,38381,737,14,3,0.2
55,119269,744,13,4,0.49
65,49942,435,1,4,0.24
74,45443,686,38,4,0.35
39,30578,324,17,4,0.26
71,91613,805,5,3,0.56
70,35314,624,31,3,0.37
70,59418,637,20,4,0.45
19,25486,394,39,2,0.14
41,90137,844,27,4,0.12
25,107842,445,26,3,0.23
28,76287,530,1,1,0.25
30,27799,794,32,4,0.44
34,91069,337,15,4,0.38
25,39589,724,38,4,0.29
38,33340,736,21,4,0.43
35,49427,667,12,0,0.18
47,48938,644,1,4,0.13
35,46512,459,13,3,0.53
63,113191,849,37,3,0.38
64,163720,840,27,0,0.42
48,30195,443,6,4,0.25
55,42428,644,17,2,0.29
49,64303,568,35,4,0.14
28,49298,567,35,3,0.53
62,73108,468,3,1,0.4
42,94654,332,29,1,0.14
50,87088,676,23,2,0.5
55,81215,513,19,4,0.32
58,137248,739,30,0,0.48
25,27052,791,23,4,0.11
28,125499,692,6,2,0.11
39,48703,788,25,2,0.19
68,88659,328,12,2,0.21
41,35780,338,7,1,0.48
58,38015,472,4,4,0.45
34,83371,316,12,4,0.41
29,22825,355,28,0,0.54
74,98196,525,19,2,0.22
63,112418,366,13,2,0.55
49,65440,496,31,3,0.55
32,64272,322,26,3,0.32
33,39465,536,24,1,0.15
71,83886,437,3,4,0.46
39,71241,772,20,0,0.27
45,37769,528,17,0,0.5
37,49230,616,38,2,0.18
50,55289,500,14,0,0.37
27,49197,557,37,2,0.35
57,30289,779,23,4,0.15
49,84923,477,7,0,0.28
67,53010,422,27,2,0.14
50,60335,641,20,4,0.33
19,44840,470,15,4,0.52
50,75935,358,15,2,0.24
50,66128,764,34,2,0.48
58,109797,559,16,1,0.19
30,76137,672,8,4,0.44
47,54103,394,34,2,0.56
50,41362,424,28,4,0.26
30,92316,340,38,0,0.55
69,51985,553,17,3,0.35
43,54947,306,11,3,0.26
39,54940,770,18,2,0.55
56,48981,810,21,2,0.12
19,55421,368,14,4,0.11
55,156859,380,0,2,0.4
56,35457,841,1,4,0.5
43,39844,561,7,2,0.48
63,119630,388,21,4,0.14
67,49642,507,24,2,0.58
32,47795,512,1,1,0.45
51,100451,565,8,4,0.57
59,29433,592,8,1,0.26
72,90285,506,12,1,0.45
61,61255,632,5,1,0.53
66,75538,376,29,1,0.29
57,74833,587,14,0,0.58
28,43739,346,14,3,0.23
20,101274,499,6,0,0.26
23,45475,726,10,2,0.56
26,73454,509,39,2,0.58
23,111175,719,37,3,0.24
26,119306,453,39,3,0.17
56,52388,821,1,3,0.48
48,75475,714,38,1,0.56
49,50023,652,9,0,0.4
58,209378,456,16,2,0.42
67,88438,560,6,0,0.48
29,62444,376,39,0,0.18
25,70002,787,38,0,0.59
25,73390,430,3,3,0.28
67,74486,754,34,3,0.41
45,53103,462,35,2,0.33
37,49160,314,30,2,0.33
64,55496,531,24,2,0.45
24,33865,494,12,0,0.6
28,85745,841,17,3,0.43
37,40100,658,20,1,0.5
33,35243,630,0,0,0.11
21,59445,726,35,4,0.51
23,56102,796,7,0,0.25
39,67833,785,20,3,0.16
43,45066,748,20,4,0.16
20,49203,712,26,0,0.44
58,84631,629,18,3,0.6
59,82093,446,22,3,0.43
31,80399,558,34,1,0.23
28,60899,591,39,0,0.2
35,65150,442,4,3,0.36
71,67185,664,7,2,0.13
29,43130,389,10,3,0.3
40,125119,463,15,1,0.43
29,116517,780,38,3,0.58
30,89065,383,23,0,0.31
42,48391,376,20,0,0.2
62,78399,816,22,4,0.51
68,97653,784,37,0,0.47
36,32480,403,7,4,0.53
72,139700,751,6,2,0.21
63,25092,786,1,1,0.3
53,85161,638,29,2,0.59
62,123827,777,12,4,0.18
25,56583,522,22,3,0.44
46,55534,308,28,3,0.22
72,83602,352,37,2,0.35
70,151136,376,36,3,0.5
72,52024,802,19,4,0.34
49,40518,615,32,1,0.5
68,48441,464,28,0,0.31
61,27549,578,14,4,0.6
35,93796,326,22,4,0.32
23,46302,369,2,0,0.17
35,53950,517,36,0,0.3
36,94354,664,28,1,0.47
39,49590,605,7,1,0.52
54,87513,423,21,1,0.33
49,35630,318,28,3,0.4
73,96699,556,1,4,0.52
58,71036,595,0,0,0.51
20,57280,321,19,4,0.43
45,63923,749,20,4,0.51
27,31464,849,36,1,0.39
68,63196,347,7,1,0.1
52,55779,482,26,4,0.12
46,31897,734,34,1,0.59
71,42807,406,5,3,0.17
32,56127,487,18,0,0.3
50,44194,385,17,4,0.57
24,17924,755,0,0,0.2
29,102559,436,24,3,0.52
66,55767,635,26,1,0.51
47,19206,768,6,2,0.59
38,174116,702,28,3,0.24
48,111379,839,30,2,0.26
41,50287,371,35,0,0.55
37,39291,323,18,4,0.22
54,73247,784,5,1,0.37
21,66248,355,24,3,0.45
45,78514,522,30,1,0.24
61,39347,478,8,2,0.57
37,103661,733,19,2,0.43
41,47252,749,9,4,0.12
67,84152,791,36,2,0.17
66,40196,488,26,4,0.2
68,225048,719,12,3,0.22
49,84775,548,1,4,0.47
58,253245,463,20,2,0.14
53,90562,554,32,0,0.28
70,45218,775,23,4,0.56
51,90643,716,33,1,0.38
53,93928,469,8,0,0.23
19,72161,616,1,4,0.58
32,82059,473,29,1,0.22
51,87628,769,21,0,0.55
53,36430,644,10,4,0.46
23,35156,744,16,3,0.47
56,40251,317,35,1,0.48
59,63816,369,12,3,0.35
68,53552,637,6,2,0.51
68,36761,826,15,4,0.52
71,88226,755,32,4,0.28
29,68976,568,0,1,0.3
20,65151,487,10,4,0.54
62,52628,828,5,2,0.36
35,49557,733,19,4,0.53
57,39313,587,34,0,0.41
38,95498,798,36,3,0.4
32,42118,740,25,2,0.12
50,66482,602,11,2,0.24
52,137448,386,29,3,0.35
43,50709,737,27,3,0.39
25,96795,840,26,2,0.42
53,79566,321,18,3,0.46
65,69963,816,4,1,0.43
47,74248,802,4,3,0.52
40,57099,766,26,0,0.25
59,60924,400,27,0,0.42
61,45521,440,25,1,0.13
31,61128,437,26,3,0.34
31,44684,527,20,0,0.23
19,98995,580,0,4,0.29
72,25597,730,27,3,0.28
54,76155,339,14,1,0.13
22,70848,818,16,3,0.33
55,67711,510,25,2,0.6
62,99932,601,19,2,0.25
58,51892,385,24,0,0.47
71,68030,696,12,2,0.37
64,25380,552,32,1,0.26
31,48646,832,24,0,0.14
73,91845,680,7,1,0.21
56,30650,743,4,1,0.49
42,64852,332,5,2,0.24
37,42669,559,22,2,0.17
19,56642,533,29,1,0.27
56,43965,814,13,2,0.39
23,32093,607,22,2,0.45
34,72620,369,10,2,0.29
42,58407,753,30,3,0.35
74,81333,738,5,1,0.33
45,89073,663,10,4,0.1
19,110484,780,12,1,0.3
52,64006,443,11,0,0.39
54,112905,323,1,2,0.38
22,36758,724,34,2,0.47
18,94322,474,35,4,0.44
57,75334,624,16,0,0.24
29,67275,647,27,3,0.23
73,74784,317,27,1,0.33
53,37035,343,21,3,0.47
62,32913,454,37,0,0.15
40,140774,676,6,4,0.57
64,55030,701,14,0,0.37
48,54639,524,31,4,0.25
28,34504,516,10,3,0.45
27,28541,330,23,3,0.12
20,57287,358,2,0,0.34
71,50473,652,29,0,0.34
31,59926,744,5,2,0.18
33,62540,534,1,4,0.52
27,207882,406,13,2,0.5
46,50549,490,17,1,0.18
27,131922,829,30,1,0.28
29,136081,544,12,0,0.15
47,87274,375,25,3,0.52
58,53233,846,11,1,0.26
18,30310,566,17,1,0.32
22,76036,616,8,2,0.26
37,99648,420,20,2,0.26
25,143464,324,39,1,0.47
60,37235,731,23,0,0.47
29,53010,459,33,2,0.36
18,37349,413,7,1,0.43
74,43619,801,32,3,0.36
71,83465,465,22,2,0.11
37,42631,474,12,1,0.13
45,39650,300,13,4,0.29
74,89187,385,13,2,0.47
60,75009,619,15,4,0.56
54,71325,700,37,2,0.11
64,43198,681,38,2,0.28
54,114291,617,25,4,0.21
29,60309,549,25,0,0.51
54,196829,824,0,1,0.52
66,64898,555,31,0,0.2
66,18644,606,14,0,0.46
73,18234,443,20,1,0.47
61,81795,690,17,3,0.19
73,114719,468,29,0,0.32
45,40460,597,12,0,0.41
64,171183,532,23,0,0.11
32,137516,570,29,3,0.3
23,66521,359,1,2,0.18
61,78411,595,18,4,0.37
37,93644,766,24,4,0.52
67,154044,534,13,3,0.36
31,84209,533,5,0,0.12
19,65773,667,11,4,0.11
26,83796,531,19,3,0.4
54,78329,790,22,1,0.26
37,95054,802,29,4,0.39
43,27309,680,29,1,0.18
46,70117,727,37,0,0.49
18,75374,663,29,4,0.53
72,57732,501,29,3,0.54
52,88617,445,35,2,0.25
23,156464,756,33,4,0.43
54,64158,434,15,4,0.24
70,84614,563,23,4,0.48
22,133670,363,13,4,0.16
50,64911,790,25,3,0.48
66,38398,340,7,3,0.32
68,81461,595,13,2,0.53
31,19913,302,30,3,0.47
29,18973,409,1,3,0.29
59,70721,520,3,0,0.55
37,18536,669,0,0,0.24
70,31020,667,19,1,0.58
67,49511,735,13,2,0.48
41,41743,303,39,0,0.6
60,55608,543,24,2,0.13
51,104447,465,24,2,0.24
42,67456,325,2,4,0.47
67,39353,694,4,2,0.56
46,117856,773,37,4,0.11
74,29306,316,25,1,0.1
56,66899,391,39,1,0.23
48,27721,782,37,1,0.53
73,67924,842,37,4,0.48
64,51056,504,3,4,0.27
60,102859,801,6,1,0.1
67,85848,699,29,4,0.38
40,44641,506,29,3,0.22
61,40559,445,18,3,0.47
55,51146,400,38,4,0.32
37,152937,540,34,4,0.44
40,134528,462,39,0,0.53
62,36896,472,32,0,0.37
69,89331,801,32,2,0.27
33,25192,846,13,2,0.48
67,47874,583,37,2,0.23
59,37654,658,9,1,0.55
72,102195,680,27,3,0.14
25,31402,832,13,1,0.52
67,74211,462,35,4,0.15
38,59895,606,37,0,0.13
18,54845,638,15,4,0.28
72,138108,354,20,4,0.58
25,144328,632,27,0,0.59
46,55703,426,32,4,0.2
49,50364,542,5,2,0.17
55,28185,708,14,0,0.28
22,59746,802,2,4,0.27
64,158998,602,34,2,0.48
39,56141,763,13,2,0.32
64,86196,534,1,3,0.49
51,29769,337,28,2,0.47
18,48175,438,3,1,0.39
72,75450,494,25,0,0.52
72,63128,826,11,0,0.2
43,90430,300,1,0,0.18
60,44296,395,16,4,0.48
27,24959,712,34,4,0.22
47,104929,837,9,1,0.1
67,37493,728,21,2,0.56
35,77134,534,20,4,0.41
34,75013,648,14,2,0.32
43,26059,780,34,2,0.46
25,101170,695,20,4,0.27
64,45103,650,20,4,0.58
57,61545,715,20,1,0.13
66,50056,350,31,3,0.42
29,134766,380,4,0,0.49
44,117212,335,38,4,0.33
25,24193,366,8,4,0.48
42,185241,780,17,2,0.56
63,42652,767,20,3,0.47
21,171307,441,7,4,0.25
50,52674,655,33,3,0.38
18,50490,770,9,0,0.56
36,52909,738,23,2,0.32
48,49001,830,39,1,0.44
33,211546,426,23,0,0.33
31,57631,504,31,3,0.16
70,51475,328,32,3,0.13
65,62224,744,37,0,0.58
22,36913,763,33,3,0.41
58,133060,579,10,1,0.15
43,28694,450,30,1,0.53
45,44046,539,17,3,0.36
19,95638,565,22,3,0.49
67,61155,404,21,1,0.16
23,78795,732,17,3,0.55
26,128872,796,39,4,0.4
50,98903,739,38,2,0.47
58,64134,457,19,4,0.12
42,170190,471,12,3,0.26
65,43731,793,0,3,0.23
30,56945,610,3,2,0.57
26,58969,702,23,3,0.19
70,56885,762,35,2,0.45
30,35080,666,35,1,0.12
48,27124,849,1,2,0.2
58,73762,554,27,2,0.27
28,43619,507,25,4,0.5
21,155422,749,22,3,0.49
51,57741,394,14,1,0.58
55,52799,777,35,0,0.56
63,103483,489,26,2,0.14
21,73210,783,5,0,0.51
55,54843,835,34,3,0.33
36,43461,722,38,2,0.53
23,372819,432,37,0,0.14
51,71746,354,34,4,0.51
35,102972,809,35,0,0.18
30,35901,840,9,4,0.27
58,44846,709,29,1,0.11
40,172158,510,37,3,0.16
36,120386,592,28,0,0.32
62,75268,414,38,2,0.51
28,49474,558,3,3,0.49
18,53262,421,4,0,0.22
41,42699,598,3,2,0.18
71,33576,680,35,2,0.29
24,95027,800,15,2,0.54
42,78387,596,24,2,0.15
38,86512,661,13,0,0.37
32,50592,762,10,1,0.14
18,68037,737,28,4,0.34
29,48241,426,33,4,0.16
24,41620,496,21,4,0.14
32,137796,520,13,1,0.2
38,63624,390,23,2,0.23
36,77166,710,38,2,0.24
46,90932,307,25,3,0.42
42,64024,843,35,4,0.13
50,67529,767,38,4,0.14
66,34776,619,15,2,0.19
49,38251,693,37,4,0.54
66,37275,568,31,2,0.41
52,81042,490,5,2,0.47
61,62034,360,33,2,0.29
55,38253,737,7,0,0.21
43,80021,563,29,0,0.12
28,78568,394,26,0,0.34
52,42298,769,6,0,0.39
25,59046,813,26,1,0.55
63,78713,493,24,3,0.54
31,38980,781,14,3,0.31
27,79468,635,24,2,0.31
19,69599,734,21,4,0.18
63,36330,495,17,0,0.23
26,66829,548,11,3,0.56
20,71885,797,22,3,0.17
38,43782,511,38,0,0.58
43,45540,765,24,1,0.35
25,36162,520,9,1,0.33
65,47834,572,29,3,0.19
19,59513,453,9,1,0.43
23,45603,548,33,0,0.33
45,28497,578,12,3,0.29
70,42434,739,28,0,0.23
46,48598,575,37,1,0.13
43,90076,813,8,0,0.36
42,80610,387,12,1,0.26
29,90954,804,36,1,0.45
22,41377,540,13,0,0.46
51,64265,535,36,1,0.27
65,17827,427,8,2,0.43
54,74195,802,7,0,0.23
32,81263,499,38,2,0.46
61,50220,842,39,0,0.11
53,69405,801,2,1,0.18
32,28072,791,39,1,0.22
60,40113,320,32,3,0.49
65,87791,533,31,3,0.13
40,77313,715,6,2,0.19
23,48731,447,18,1,0.28
63,89830,328,33,3,0.1
67,64160,660,13,1,0.48
61,46531,607,18,0,0.38
60,54643,461,25,3,0.55
62,47681,360,16,2,0.12
38,33127,424,27,3,0.24
40,112234,755,18,1,0.47
60,45070,370,26,4,0.44
72,39490,765,18,4,0.22
33,27870,542,32,1,0.4
64,16026,789,6,0,0.5
70,85029,520,28,3,0.12
32,89036,772,4,4,0.46
42,108718,832,29,0,0.23
53,55574,793,7,1,0.57
28,50970,381,11,0,0.37
68,46450,821,12,1,0.12
32,48616,311,25,3,0.3
21,104809,562,17,0,0.58
38,59085,748,19,3,0.47
30,72332,491,15,0,0.25
39,48001,413,36,1,0.39
36,115893,325,2,1,0.4
51,23100,798,26,0,0.11
31,32524,807,14,1,0.19
21,72392,844,33,2,0.38
65,143674,361,21,2,0.3
70,53500,528,39,3,0.2
69,39293,334,22,2,0.49
63,98748,755,3,2,0.34
44,70393,801,22,4,0.25
46,114131,324,8,4,0.18
64,31408,331,23,4,0.41
45,109736,311,20,4,0.43
52,27605,618,15,1,0.43
25,51839,300,24,3,0.21
33,73599,734,25,3,0.4
59,65710,435,8,2,0.55
53,101752,495,14,3,0.28
47,24020,432,38,2,0.21
35,64247,385,32,3,0.49
19,109078,775,0,0,0.19
66,61675,623,4,0,0.23
30,33820,479,8,3,0.15
21,99087,815,5,1,0.23
43,43297,474,27,2,0.31
42,39649,320,25,3,0.13
47,37232,404,27,2,0.54
28,54211,742,39,4,0.36
24,65613,348,14,3,0.39
48,31743,827,5,1,0.29
61,35178,444,26,4,0.43
27,42309,639,37,3,0.32
56,37142,653,3,0,0.48
30,60984,374,10,3,0.51
48,71726,618,20,0,0.44
24,66965,386,29,0,0.35
73,67014,341,17,3,0.49
66,138067,392,34,3,0.35
59,74001,806,2,0,0.16
59,88608,828,11,2,0.16
73,48663,564,26,4,0.57
53,95990,591,29,1,0.21
37,47516,763,20,3,0.51
21,73550,396,37,4,0.22
71,30161,394,20,4,0.32
24,65063,625,37,2,0.43
71,36765,373,39,4,0.18
18,95608,635,14,3,0.47
61,92775,367,17,4,0.44
73,47414,376,28,3,0.37
62,166839,507,37,3,0.38
59,51899,520,20,0,0.15
64,26741,561,16,2,0.32
30,40556,709,17,1,0.14
72,35522,630,36,0,0.25
39,72388,643,37,1,0.55
71,32283,373,11,3,0.39
38,45724,553,10,0,0.47
39,70071,631,19,4,0.39
45,64172,697,8,4,0.2
26,59496,644,0,1,0.4
43,63767,754,2,3,0.48
26,49749,414,20,1,0.17
32,26852,612,22,2,0.51
27,49098,527,8,4,0.38
41,75687,544,18,0,0.1
74,55911,825,18,0,0.36
59,72819,827,22,0,0.3
25,44649,726,26,4,0.25
41,98436,341,26,3,0.49
33,16677,764,38,4,0.55
66,64261,577,35,4,0.48
43,117528,318,11,0,0.52
44,126607,365,26,4,0.55
54,53321,466,33,0,0.56
21,30850,702,32,3,0.16
67,118567,708,27,2,0.33
41,58341,411,30,0,0.1
36,55299,573,31,1,0.35
53,38314,706,19,2,0.56
56,32050,672,39,3,0.2
27,79374,338,34,2,0.42
42,83695,404,30,0,0.42
35,66222,623,30,3,0.18
36,40862,713,37,1,0.22
53,35154,728,21,0,0.33
27,29257,360,8,0,0.19
50,45239,606,8,3,0.39
72,36209,653,14,3,0.34
67,25472,692,12,2,0.36
22,82923,503,21,1,0.17
64,30960,557,15,2,0.36
66,97925,785,31,2,0.12
52,72913,816,1,0,0.54
61,69367,745,25,3,0.27
51,137675,479,13,0,0.53
50,31479,641,37,1,0.45
72,92677,432,33,2,0.48
38,51594,742,7,1,0.26
34,216540,552,35,3,0.21
39,49493,564,20,3,0.3
65,45653,392,27,4,0.11
54,74070,710,5,1,0.56
32,53935,437,19,0,0.29
52,40977,507,30,1,0.59
45,36859,606,32,2,0.48
24,124132,565,6,3,0.14
49,33465,617,7,3,0.43
28,66939,412,8,1,0.24
27,101528,677,1,1,0.22
26,104010,753,16,1,0.23
31,44319,490,36,2,0.56
30,54009,739,16,2,0.35
74,49016,486,37,0,0.43
42,27791,666,34,1,0.24
19,78335,388,38,0,0.36
52,61037,486,29,4,0.28
24,123043,431,5,2,0.26
38,39671,675,3,3,0.22
35,103192,398,36,4,0.3
20,106896,333,34,3,0.43
59,61300,470,8,4,0.21
71,20222,665,5,0,0.58
56,46337,358,12,0,0.16
58,146229,480,21,2,0.34
66,69461,318,27,3,0.14
28,84685,525,29,4,0.11
56,57263,772,35,1,0.56
41,53545,394,1,1,0.51
63,23536,596,35,2,0.45
36,89087,474,7,3,0.53
21,102728,521,8,1,0.5
43,37218,353,0,2,0.42
55,54752,702,12,2,0.52
59,51181,617,14,3,0.3
49,73871,648,31,1,0.38
56,45607,742,33,1,0.49
62,95384,839,30,1,0.14
63,62047,581,13,0,0.53
53,16735,659,13,1,0.18
57,74709,307,28,4,0.53
54,98535,790,18,0,0.26
50,33656,640,26,0,0.26
53,73450,771,8,0,0.14
20,149489,548,36,0,0.54
26,63324,534,36,2,0.19
25,105959,382,27,4,0.42
50,47998,392,23,3,0.42
23,59338,693,27,1,0.24
58,54051,567,35,0,0.59
56,49337,716,17,3,0.13
21,55611,828,24,2,0.4
30,26493,552,34,3,0.34
66,50744,421,3,0,0.22
19,116880,309,13,4,0.18
22,36980,615,38,3,0.47
61,35134,572,25,0,0.56
44,61734,605,7,0,0.15
49,63296,509,23,1,0.2
38,72311,763,15,1,0.59
25,56564,715,19,4,0.11
55,62064,515,14,1,0.35
25,50239,379,6,4,0.36
67,31637,779,16,2,0.23
20,57774,846,21,2,0.43
71,86016,317,21,1,0.57
61,77460,464,11,2,0.33
20,25031,824,17,3,0.47
39,67911,501,14,3,0.42
23,38315,645,36,3,0.34
19,120100,665,15,2,0.12
40,70483,747,4,3,0.47
61,93727,812,1,4,0.28
19,60511,618,27,0,0.21
55,57928,516,26,1,0.57
34,126490,333,30,4,0.49
52,97381,565,35,3,0.58
51,63508,379,0,0,0.23
40,54185,712,28,1,0.52
47,25499,551,0,4,0.4
69,70423,311,7,1,0.59
25,56215,700,15,2,0.57
39,78982,581,27,3,0.59
61,91941,411,21,4,0.58
53,110908,677,17,4,0.1
22,70862,567,21,0,0.47
30,35483,597,11,0,0.24
46,20441,616,18,0,0.45
48,39642,808,24,1,0.59
64,116627,845,4,3,0.12
74,149006,664,33,1,0.38
72,53159,846,38,3,0.47
33,28840,570,9,4,0.23
59,43295,773,6,1,0.21
47,105757,836,36,1,0.13
74,44555,533,14,1,0.15
72,80383,358,23,2,0.43
33,65139,550,25,3,0.35
29,85391,385,25,3,0.12
34,148598,689,25,1,0.58
33,80409,479,9,2,0.43
29,64437,448,16,1,0.36
25,157029,420,13,3,0.24
37,71308,555,1,4,0.43
20,40276,608,12,2,0.28
33,84434,358,26,2,0.45
47,74886,368,8,1,0.44
62,51330,745,6,4,0.15
40,46221,687,9,3,0.55
45,51579,385,8,0,0.34
68,45892,526,21,3,0.3
57,52424,483,22,3,0.58
71,39285,621,6,4,0.32
22,72625,617,8,2,0.46
37,69954,698,26,3,0.43
57,71153,592,23,2,0.18
73,58035,592,28,4,0.6
61,54784,784,16,4,0.33
18,123130,746,19,1,0.3
74,61926,711,6,0,0.56
47,112632,807,39,4,0.36
38,36380,543,6,4,0.45
37,80385,719,27,2,0.52
23,41466,453,18,4,0.22
39,45339,723,19,3,0.18
35,48729,572,38,1,0.13
25,47226,819,39,1,0.55
56,47344,427,6,3,0.2
49,110044,672,5,4,0.25
50,61249,458,24,0,0.24
70,67005,475,12,4,0.25
33,47639,510,38,1,0.43
29,91901,746,39,0,0.58
55,71505,466,21,2,0.26
69,51304,759,16,2,0.3
51,27115,656,21,4,0.49
31,66712,603,33,4,0.32
53,79844,532,7,0,0.56
50,36701,626,17,0,0.35
40,51652,481,23,4,0.27
67,78321,633,1,1,0.59
62,27297,328,1,2,0.31
19,43285,392,26,0,0.22
58,72290,629,13,1,0.19
38,104037,483,38,4,0.6
19,178597,394,11,3,0.48
44,159424,652,31,0,0.3
74,64336,564,27,3,0.51
26,46999,318,27,1,0.37
18,94993,798,24,2,0.26
28,45624,438,3,1,0.47
20,40902,824,25,2,0.47
69,51398,554,35,1,0.35
40,48274,384,2,0,0.12
43,73593,757,0,0,0.14
21,44302,831,16,3,0.49
35,62477,391,6,1,0.51
72,132916,368,4,1,0.44
23,63644,336,18,3,0.52
52,127819,439,38,4,0.46
39,109210,477,33,1,0.55
60,80500,436,34,1,0.18
32,50157,489,15,1,0.29
39,100735,641,39,4,0.33
54,52839,304,38,0,0.25
69,59814,556,26,3,0.46
59,70622,542,37,4,0.56
29,59713,714,24,2,0.31
64,41767,642,25,2,0.57
66,27901,678,13,4,0.36
59,96719,445,13,4,0.36
55,79631,622,13,0,0.4
35,25328,421,24,2,0.23
62,41217,551,35,3,0.29
52,65482,610,3,1,0.38
47,74703,774,14,1,0.57
41,28022,791,31,0,0.42
59,57261,646,17,0,0.27
47,78419,786,13,2,0.11
31,50223,772,0,3,0.59
23,68044,681,19,3,0.35
20,46921,579,9,4,0.57
33,94334,371,9,0,0.37
24,40149,820,23,1,0.4
69,33825,665,33,1,0.46
31,60746,393,27,2,0.26
26,29238,672,26,1,0.45
32,20898,638,39,3,0.36
38,102936,736,0,3,0.44
52,36603,635,32,0,0.52
19,30735,791,3,2,0.19
44,39899,339,6,1,0.41
19,39013,658,8,0,0.13
52,55767,553,15,4,0.15
35,34657,697,4,4,0.44
31,76810,469,33,1,0.14
37,82711,810,22,1,0.4
35,31650,559,24,1,0.21
27,43956,758,12,3,0.25
42,46095,828,23,1,0.16
19,55132,640,10,4,0.22
42,102882,356,16,1,0.51
71,105890,517,36,2,0.42
50,208862,763,12,4,0.57
53,19250,546,26,2,0.12
48,37716,672,19,4,0.5
31,148301,716,32,0,0.45
18,24334,330,31,4,0.23
63,146624,667,7,4,0.46
33,64451,407,28,2,0.46
71,65648,717,39,2,0.33
63,31574,697,18,4,0.44
69,47782,571,5,4,0.32
20,143442,415,38,3,0.27
